customer_id,age_band,txns_per_day_tier
60416207185,Middle band,3
60422928733,Older band,3
60423098130,Older band,1
60427851591,Middle band,1
60487002085,Middle band,1
60490596305,Older band,2
60495593109,Older band,1
501802953619,Older band,3
501828204849,Older band,1
501831082224,Older band,2
501882822387,Older band,1
501899453424,Middle band,3
502012776709,Older band,4
502038091380,Middle band,3
502049568400,Older band,2
503848303379,Middle band,3
503874407318,Middle band,5
560881134780,Older band,1
561942763351,Middle band,3
565399283797,Middle band,1
567868110212,Middle band,5
568279015842,Middle band,2
570273151375,Older band,1
571314334723,Middle band,1
571365235126,Younger band,6
571465035400,Middle band,4
571844099986,Older band,3
573283817795,Older band,1
573860193545,Middle band,4
577588686219,Younger band,3
580954173374,Older band,2
581293083266,Middle band,3
581508178315,Middle band,1
581686439828,Middle band,5
583699482621,Older band,3
584673555952,Older band,4
630412733309,Older band,1
630423337322,Middle band,6
630424987505,Middle band,6
630425673344,Middle band,3
630441765090,Older band,4
630451534402,Middle band,6
630469040731,Older band,4
630471368021,Middle band,1
630484879808,Middle band,4
639023984367,Middle band,5
639030014711,Middle band,2
639046421587,Middle band,2
639077309909,Older band,1
639095706599,Older band,1
675909898057,Older band,2
675945690716,Younger band,3
675961917837,Older band,1
675990301623,Middle band,4
676102124465,Middle band,4
676118385837,Older band,2
676148621961,Older band,2
676173792455,Older band,3
676195318214,Middle band,4
676234256292,Middle band,1
676245600876,Older band,2
676248282243,Older band,2
676275912597,Middle band,1
676281772837,Older band,3
676292294938,Older band,1
676298633337,Middle band,3
676308307625,Middle band,1
676309913934,Middle band,2
676314217768,Middle band,1
676326610042,Middle band,1
676369110710,Middle band,4
676372984911,Middle band,5
4006047418382,Older band,2
4026222041577,Middle band,1
4066595222529,Older band,3
4079773899158,Older band,4
4103158249977,Middle band,1
4149635823017,Middle band,4
4158008602445,Middle band,1
4169388510116,Older band,3
4186530744674,Older band,3
4189814094741,Younger band,1
4195740185974,Older band,2
4198470814557,Middle band,4
4220345354880,Older band,3
4239436242473,Middle band,2
4247921790666,Older band,3
4259996134423,Older band,2
4260128500325,Younger band,3
4279161831637,Middle band,2
4294930380592,Older band,4
4306630852918,Older band,2
4383521454815,Middle band,2
4393520897625,Middle band,2
4396682467723,Older band,1
4427805710168,Younger band,3
4440581794652,Older band,1
4464457352619,Middle band,5
4471568287204,Older band,2
4476840372112,Middle band,4
4481131401752,Middle band,2
4500002361389,Older band,4
4505383113689,Older band,2
4538566639857,Older band,3
4561546772499,Middle band,5
4561892980175,Older band,2
4562827002127,Middle band,2
4585132874641,Middle band,3
4586260469584,Older band,4
4600155880464,Older band,1
4601636330889,Middle band,2
4605902936394,Older band,1
4613314721966,Middle band,3
4623560839669,Older band,4
4640395708703,Older band,4
4642894980163,Middle band,4
4658117080136,Middle band,2
4681699462969,Middle band,5
4683638447911,Middle band,4
4687263141103,Middle band,1
4745996322265,Younger band,6
4755696071492,Middle band,5
4760122961662,Older band,1
4783226709001,Older band,3
4788103653396,Older band,2
4806443445305,Younger band,1
4807552641361,Older band,1
4809701904914,Middle band,4
4862293128558,Older band,4
4900628639996,Middle band,5
4917226033950,Older band,1
4957924165498,Older band,2
4981132848794,Older band,3
4988304376504,Older band,4
4990494243023,Older band,4
30011465039817,Middle band,1
30026790933302,Middle band,4
30029052116970,Middle band,4
30030380240193,Middle band,4
30033162392091,Middle band,2
30042378430132,Middle band,1
30044330818990,Middle band,5
30074693890476,Middle band,4
30082025922891,Older band,3
30092964733035,Middle band,2
30103132002433,Middle band,2
30118423745458,Middle band,4
30131826429364,Middle band,5
30135235368675,Middle band,3
30143535920989,Middle band,3
30143713661454,Older band,2
30150717898388,Older band,3
30153452207526,Older band,3
30175986190993,Older band,4
30181367542315,Older band,1
30197398657930,Middle band,4
30199621383748,Middle band,5
30230540139182,Middle band,3
30234966027947,Middle band,5
30235268718158,Middle band,3
30235438713303,Middle band,5
30238755902988,Middle band,6
30242921189660,Older band,2
30248898834493,Older band,2
30263540414123,Older band,3
30266994494236,Middle band,3
30270432095985,Middle band,6
30273037698427,Younger band,6
30290551782700,Older band,3
30328384440870,Older band,3
30343344410970,Older band,3
30344654314976,Older band,2
30357372465631,Older band,1
30360260465747,Older band,1
30364087349027,Middle band,3
30371006069917,Older band,2
30373802285317,Older band,1
30376238035123,Older band,2
30404291151692,Middle band,2
30407675418785,Middle band,4
30408301059761,Middle band,1
30427035050508,Older band,2
30428204673351,Middle band,4
30434173205605,Younger band,1
30442439074871,Middle band,3
30446018552504,Middle band,1
30487648872433,Older band,2
30491348102802,Older band,1
30501624614310,Middle band,4
30510856607165,Older band,1
30518196150127,Middle band,1
30518206766474,Middle band,3
30541100351706,Middle band,1
30546453310167,Older band,2
30551643947183,Middle band,5
30560609640617,Older band,3
30561214688470,Younger band,4
30570197515105,Older band,1
30596478689301,Middle band,1
36078114201167,Older band,4
36153880429415,Older band,2
36192615525683,Middle band,1
36360452125889,Older band,1
36485887555770,Younger band,4
36581538659449,Middle band,1
36721445180895,Older band,3
36722699017270,Middle band,6
36890292963032,Older band,1
36913587729122,Middle band,5
38014427445058,Older band,1
38052002992326,Younger band,5
38057513087029,Younger band,3
38199021865320,Middle band,4
38295635583927,Middle band,4
38530489946071,Middle band,4
38544312728630,Middle band,1
38580485618059,Older band,4
38588538868506,Middle band,4
38797410705641,Middle band,3
38859492057661,Older band,1
38947654498698,Middle band,3
180011453250192,Middle band,4
180014262259255,Older band,2
180017442990269,Older band,2
180018375329178,Middle band,3
180031190491743,Middle band,5
180036456789979,Middle band,5
180040027502291,Older band,1
180042946491150,Middle band,4
180046165512893,Older band,2
180046617132290,Older band,2
180046765320457,Older band,2
180047222886866,Middle band,1
180048185037117,Middle band,6
180049032966888,Middle band,4
180056173248083,Middle band,2
180058696935600,Younger band,1
180064817343047,Older band,3
180065479077096,Older band,3
180067151859700,Middle band,3
180067784565096,Older band,4
180068353086472,Middle band,1
180069253480336,Older band,2
180072527505094,Older band,3
180081032825079,Older band,2
180084576295055,Middle band,3
180084695172649,Middle band,1
180094419304907,Middle band,6
180094608895855,Older band,1
213102873001603,Older band,3
213107169859697,Middle band,1
213112402583773,Middle band,6
213113028819344,Older band,2
213113338379864,Older band,1
213114122496591,Older band,2
213120463918358,Older band,2
213124978348176,Older band,3
213125815021702,Older band,3
213126662687660,Middle band,3
213136802746375,Older band,1
213141712584544,Middle band,6
213148039875802,Middle band,3
213153151785052,Younger band,3
213154573301411,Middle band,2
213155997615567,Middle band,2
213156747557083,Middle band,5
213157767990030,Middle band,5
213161231269724,Older band,3
213161293389774,Older band,3
213161869125933,Middle band,3
213163860545705,Middle band,2
213173753804333,Older band,3
213174467670432,Older band,3
213175487106448,Older band,3
213178765398315,Middle band,4
213178850083780,Middle band,3
213180742685905,Older band,4
213186334552049,Middle band,2
213186551511454,Older band,1
213186880359195,Middle band,1
213191402330021,Younger band,3
213193596103206,Middle band,4
213195754007681,Older band,3
213198837352314,Middle band,1
213199865312311,Older band,3
340103199302564,Older band,2
340951438290556,Middle band,3
340953839692349,Middle band,5
341283058448499,Older band,2
341542810616333,Older band,2
341546199006537,Older band,3
342035762534413,Younger band,1
342319985983023,Middle band,3
342351256941125,Middle band,3
342360239917375,Middle band,1
342952484382519,Middle band,6
343464013864032,Older band,3
343472729187663,Middle band,2
343668971234893,Older band,3
343746486082492,Middle band,3
343819048608995,Older band,2
344342339068828,Older band,3
344709867813900,Middle band,6
345060451158891,Older band,2
345389171551808,Middle band,4
345832460465610,Older band,3
345933964507467,Middle band,6
346208242862904,Older band,1
346243940647414,Middle band,1
346273234529002,Middle band,5
347073228412010,Middle band,2
347612609554823,Younger band,1
348253506557335,Older band,1
348379466427142,Older band,2
348789608637806,Older band,4
349612764943496,Middle band,3
370348764075623,Older band,2
370612217861404,Middle band,3
370818583810103,Middle band,2
370877495212014,Middle band,5
371009169330125,Younger band,3
371034293500716,Older band,2
371226440126102,Middle band,5
371284100299909,Middle band,2
371284424780634,Older band,2
371683116218417,Older band,1
371985236239474,Older band,2
372246459334925,Middle band,3
372382441451095,Older band,3
372509258176510,Middle band,6
372520049757633,Younger band,6
373043435942726,Middle band,2
373213026644490,Middle band,1
373905417449658,Middle band,5
374125201044065,Middle band,3
374238209524200,Older band,2
374497717543058,Older band,4
374656033243756,Middle band,3
374821819075109,Older band,1
374930071163758,Middle band,5
375082648741747,Middle band,4
375237305371366,Older band,1
375248307838179,Older band,4
375534208663984,Middle band,4
375767678113375,Older band,3
375848982312810,Older band,3
375904527651269,Older band,2
375974680629816,Middle band,4
376012912828093,Older band,2
376028110684021,Middle band,4
376262134119629,Older band,2
376445266762684,Middle band,6
376656886990758,Middle band,3
376944481517097,Older band,1
377026671291680,Middle band,5
377113842678100,Older band,4
377234009633447,Older band,4
377264520876399,Older band,1
377550167323848,Older band,2
377654590313960,Older band,3
377834944388609,Older band,1
377895991033232,Older band,2
377993105397617,Middle band,4
378006354724784,Middle band,1
378278619832195,Older band,3
378858024506425,Older band,2
378904938837132,Middle band,3
379141394109214,Older band,1
379897244598068,Older band,2
2222001896600109,Middle band,3
2222157926772399,Middle band,1
2224100459250597,Older band,1
2227671554547514,Middle band,1
2229378226512508,Middle band,3
2229824890647120,Older band,1
2231186809828225,Older band,1
2233882705243596,Older band,3
2235335206132667,Older band,1
2235613922823698,Middle band,4
2242542703101233,Younger band,6
2248348993063230,Older band,2
2248735346244816,Older band,4
2252055259910912,Middle band,4
2254799658404120,Middle band,3
2254917871818484,Middle band,5
2256234701263057,Older band,2
2260801330657968,Older band,1
2264937662466770,Younger band,5
2266735643685262,Middle band,4
2268221587779419,Middle band,1
2269768987945882,Older band,3
2274911989136158,Older band,1
2280870154157385,Older band,1
2283743876903625,Younger band,5
2284059275940012,Older band,1
2285066385084291,Middle band,2
2286236465059468,Older band,3
2288748891690227,Older band,1
2288813824604479,Middle band,3
2291163933867244,Older band,3
2296006538441789,Younger band,4
2297447006766555,Older band,4
2305336922781618,Older band,3
2318062975163331,Older band,1
2348245054386329,Older band,3
2356276337669917,Middle band,2
2358122155477959,Older band,1
2383461948823908,Older band,4
2450829271795901,Middle band,2
2454076758463217,Middle band,1
2475085306462014,Middle band,3
2512312531485080,Older band,2
2576709887791552,Older band,3
2610529083834453,Middle band,1
2657850734909997,Older band,2
2703186189652095,Middle band,4
2706977570537524,Middle band,3
2712209726293386,Middle band,6
2713913904780408,Older band,3
2714019737356678,Younger band,1
2719496466799416,Older band,2
2720012583106919,Middle band,4
2720433095629877,Younger band,6
2720830304681674,Middle band,2
2720894374956739,Older band,2
3500165543009955,Middle band,1
3500969075198072,Younger band,5
3501365119557234,Older band,1
3501509250702469,Middle band,4
3501942333500073,Younger band,4
3502088871723054,Middle band,5
3502377050801561,Older band,3
3504178999463051,Middle band,3
3506040590383211,Middle band,2
3506042666828517,Older band,3
3506592072985012,Younger band,3
3508104404056005,Middle band,2
3511058278399773,Older band,1
3511378610369890,Middle band,5
3512365128314616,Middle band,4
3513285035244624,Older band,1
3513506355699497,Older band,2
3513618443244549,Older band,4
3514865930894695,Older band,4
3514897282719543,Older band,3
3517527805128735,Middle band,3
3517814635263522,Older band,2
3518234918950662,Middle band,5
3518669219150142,Younger band,5
3518758680062249,Middle band,3
3519232971341141,Older band,2
3519607465576254,Older band,3
3520550088202337,Younger band,2
3521417320836166,Middle band,6
3521815216091574,Middle band,3
3523843138706408,Middle band,4
3523898249167098,Middle band,4
3524574586339330,Middle band,3
3525590521269779,Middle band,5
3525668150756629,Middle band,2
3526826139003047,Older band,4
3527063666782582,Older band,1
3527536963490470,Middle band,5
3528231451607350,Older band,2
3528407217576457,Middle band,2
3529597810116815,Middle band,3
3529597930342630,Middle band,2
3530503964418806,Older band,1
3531129874770000,Middle band,5
3531606252458308,Older band,1
3533012926413100,Middle band,4
3533177016567295,Older band,2
3533742182628021,Younger band,5
3533800906065217,Older band,3
3534093764340240,Older band,1
3534330126107879,Middle band,4
3534718226968689,Middle band,2
3535808924394848,Middle band,3
3536818734263520,Middle band,1
3536918668124647,Older band,1
3537797820923602,Older band,1
3538520143479972,Older band,3
3540017235499519,Middle band,1
3540075240003197,Middle band,4
3540210836308425,Middle band,3
3540862542587229,Older band,1
3541160328600277,Younger band,5
3541554378551366,Older band,1
3541687240161491,Older band,1
3542162746848552,Older band,1
3543299015720986,Middle band,2
3543591270174051,Middle band,5
3544606805704278,Older band,1
3545109339866548,Younger band,6
3546674063249004,Middle band,2
3546897637165774,Older band,4
3547560454237873,Older band,3
3547574373318979,Older band,3
3549202406645667,Older band,3
3550554389581384,Middle band,1
3551217896304745,Middle band,6
3551512895305309,Older band,1
3552581383553463,Older band,3
3553629419254918,Middle band,6
3554818239968984,Middle band,1
3554849923339851,Older band,2
3556613125071656,Younger band,5
3557442674264531,Younger band,1
3558652751678952,Older band,3
3558881852140592,Older band,2
3559160581764413,Middle band,4
3559679414981506,Middle band,3
3559723917628303,Middle band,2
3560246577314524,Older band,1
3560318482131952,Older band,4
3560336828629935,Older band,1
3560697798177746,Older band,3
3560725013359375,Older band,4
3560797065840735,Middle band,6
3561212938177173,Middle band,1
3561963695236764,Middle band,3
3562264947797243,Older band,1
3562679455732797,Older band,2
3563837241599446,Middle band,2
3564182536169293,Older band,2
3564839259330465,Older band,4
3565196229855512,Older band,2
3565414434959494,Older band,1
3565423334076143,Older band,2
3565943051129759,Older band,1
3565996340207976,Middle band,1
3566094707272327,Middle band,6
3566373869538620,Older band,1
3566875419572867,Middle band,2
3567527758368741,Older band,2
3567697931646329,Younger band,5
3567879740649740,Older band,4
3568255211412877,Middle band,4
3568736585751727,Middle band,3
3572976568630035,Older band,1
3573030041201292,Middle band,4
3573386445588324,Older band,2
3575540972310993,Younger band,3
3575789281659026,Middle band,6
3576021480694169,Younger band,5
3576144910346950,Older band,1
3576281490078437,Middle band,1
3576431665303017,Middle band,6
3576511691045060,Middle band,1
3577578023716568,Middle band,4
3577596616955856,Older band,1
3577663406369449,Older band,1
3577794103155425,Middle band,2
3579200383632826,Middle band,1
3581130339108561,Older band,1
3582402971899057,Older band,1
3582754887089201,Older band,4
3583093681934489,Older band,1
3583293909206278,Middle band,2
3583635130604947,Middle band,6
3583793405872580,Middle band,4
3585052663373890,Older band,2
3585740823295298,Younger band,3
3586008444788268,Middle band,5
3586955669388457,Middle band,2
3587044315915002,Middle band,3
3587960728692500,Younger band,4
3589255887819806,Middle band,5
3589289942931264,Middle band,5
3590736522064285,Middle band,6
3591919803438423,Middle band,3
3592325941359225,Older band,1
3592931352252641,Older band,2
3593118134380341,Older band,4
3593399694467427,Older band,1
3595111028444131,Older band,1
3595192916105588,Middle band,5
3596217206093829,Middle band,6
3596357274378601,Middle band,4
3597337756918966,Older band,2
3597926034019603,Middle band,2
3597980945245815,Older band,1
3598014571045296,Middle band,2
3598215285024754,Middle band,5
3598304579370089,Middle band,4
3598634130286287,Younger band,1
3598895972308782,Middle band,1
3599237318576484,Older band,2
4003771737807706,Older band,2
4003989662068504,Middle band,5
4005676619255478,Middle band,5
4010002218955876,Middle band,3
4025612008285111,Older band,3
4048508450704760,Middle band,3
4060579726528237,Older band,3
4067137330196900,Middle band,3
4069975342931683,Middle band,4
4070511711385545,Older band,2
4099707841315751,Middle band,5
4104312520615374,Middle band,2
4116554952971686,Older band,1
4119762878330989,Older band,3
4124536010991657,Older band,1
4128027264554082,Older band,3
4129767952109660,Middle band,2
4134456652433447,Older band,1
4147608975828480,Older band,4
4149238353975790,Middle band,4
4155021259183870,Middle band,4
4158758517677931,Younger band,1
4158945090781624,Middle band,4
4169759661243568,Middle band,4
4170689372027579,Middle band,5
4171397999167005,Older band,1
4173950183554608,Middle band,4
4178097073221156,Middle band,3
4179719215697782,Middle band,1
4191109180926792,Middle band,3
4195832462863385,Older band,1
4228411452607671,Younger band,1
4229733778084049,Middle band,3
4239552724014407,Older band,3
4254074738931278,Older band,2
4260059589824237,Older band,1
4265776278887457,Older band,4
4266200684857219,Older band,2
4277232699798846,Older band,3
4294040533480516,Middle band,3
4302475216404898,Older band,3
4302480582202074,Younger band,5
4306586894261180,Older band,2
4308156300921054,Middle band,1
4328928491302401,Middle band,3
4334230547694630,Older band,4
4335531783520911,Younger band,1
4342532437704183,Middle band,3
4344955088481397,Middle band,3
4348786085525522,Middle band,1
4364010865167176,Younger band,6
4365382885912355,Middle band,2
4377338765909719,Middle band,4
4378993458389626,Younger band,3
4384910379661778,Older band,3
4412720572684931,Older band,1
4423489490781412,Older band,3
4424338559877976,Older band,4
4425161475596168,Older band,1
4428154703770710,Older band,2
4430881574719618,Older band,4
4433091568498503,Older band,1
4446368897795790,Middle band,4
4449530933957323,Older band,4
4450831335606294,Middle band,4
4451438912406400,Younger band,2
4451952084362894,Middle band,4
4452366298769043,Middle band,5
4474324669797121,Older band,3
4482427013979020,Older band,3
4488941175228467,Middle band,2
4492491748959010,Middle band,1
4501449508569485,Middle band,1
4509142395811241,Older band,4
4509922033272157,Middle band,2
4514242065619750,Middle band,4
4518350514020532,Middle band,2
4550599031376731,Older band,3
4555104582813474,Middle band,1
4561368699336875,Middle band,2
4570636521433188,Middle band,2
4586810168620942,Younger band,6
4587577161160601,Middle band,4
4599285557366057,Younger band,2
4607072969078276,Middle band,3
4610050989831291,Middle band,3
4610064888664703,Younger band,1
4629451965224809,Younger band,3
4633065159406313,Younger band,1
4634955908138648,Middle band,4
4635330563105903,Middle band,2
4642255475285942,Middle band,6
4651007077623147,Older band,2
4653879239169997,Younger band,5
4657269323674365,Older band,2
4658490815480264,Older band,4
4670613943676271,Older band,2
4671727014157745,Older band,4
4681601008538160,Middle band,5
4682744518117239,Older band,1
4683520018489354,Younger band,3
4698163635895795,Middle band,1
4707867759656333,Older band,3
4708992452821239,Older band,4
4710792708725663,Middle band,2
4713464490314802,Middle band,1
4716561796955522,Middle band,6
4725673654161314,Older band,1
4727244663135968,Older band,3
4740713119940984,Older band,2
4764202053279782,Middle band,1
4767265376804500,Older band,1
4777065439639721,Middle band,3
4789911625179723,Middle band,1
4800395067176717,Older band,3
4822367783500458,Middle band,2
4824023901222438,Older band,1
4826655832045236,Older band,4
4836998673805450,Middle band,6
4839043708100390,Younger band,2
4839615922685395,Older band,4
4841313716651064,Middle band,4
4859525594182537,Middle band,2
4873783502705038,Middle band,4
4874006077381178,Middle band,1
4874017206859125,Middle band,3
4878364946692291,Older band,1
4879265611163287,Middle band,1
4904681492230012,Middle band,6
4908846471916297,Middle band,6
4914700582394237,Older band,1
4917187576956394,Older band,2
4922710831011201,Older band,2
4926376199189801,Middle band,3
4933461930348832,Middle band,2
4935858973307492,Middle band,3
4939976756738216,Middle band,6
4951647200979051,Middle band,4
4952583804639909,Older band,2
4961003488432306,Older band,2
4969856774088583,Older band,2
4972228199573984,Older band,1
4979422371139333,Older band,4
4986925034905735,Older band,1
4996263498048679,Middle band,2
4997733566924489,Middle band,4
4998109455173950,Middle band,4
5104807169438134,Middle band,2
5127412150261034,Middle band,1
5130484058948421,Middle band,2
5152054598359927,Middle band,3
5154903938030655,Middle band,1
5289285402893489,Middle band,1
5359543825610251,Middle band,4
5388659976630693,Older band,3
5410056176712193,Middle band,1
5456712664803820,Older band,2
5456776410929288,Older band,4
5501083170975659,Older band,3
5540636818935089,Middle band,5
5559857416065248,Older band,3
5580563567307107,Middle band,2
5596347693144598,Older band,3
6011104316292105,Middle band,5
6011109736646996,Middle band,6
6011148190095209,Middle band,3
6011149206456997,Middle band,1
6011197122270059,Middle band,1
6011231546538393,Middle band,2
6011252220172077,Younger band,2
6011305591981276,Older band,2
6011329966782895,Middle band,3
6011348830550197,Middle band,5
6011360759745864,Older band,2
6011366578560244,Younger band,4
6011367958204270,Middle band,6
6011381817520024,Middle band,2
6011382886333463,Older band,2
6011388901471808,Older band,4
6011393492413821,Older band,1
6011399591920186,Middle band,4
6011438889172900,Middle band,6
6011477612335392,Older band,1
6011492816282597,Middle band,3
6011504998544485,Middle band,6
6011542681743618,Middle band,4
6011552879910390,Middle band,2
6011581063717667,Middle band,1
6011603272871604,Older band,2
6011626928491360,Older band,2
6011652924285713,Middle band,6
6011679934075347,Middle band,3
6011681934117244,Older band,2
6011693194885790,Younger band,5
6011706277606006,Older band,1
6011724471098086,Middle band,5
6011860238257910,Older band,4
6011893664860915,Middle band,6
6011917798331152,Older band,2
6011934240159560,Middle band,2
6011948324228984,Older band,1
6011975266774121,Older band,1
6011999606625827,Older band,3
6501313409525696,Middle band,1
6502195877055606,Middle band,1
6506116513503136,Middle band,4
6506982560413523,Middle band,2
6511349151405438,Older band,3
6515067575568369,Middle band,1
6517217825320610,Older band,4
6523180720198790,Older band,1
6524376634971418,Older band,2
6526448584969862,Older band,1
6526777409109795,Older band,1
6526955903501879,Older band,1
6528911529051375,Older band,2
6534628260579800,Younger band,6
6535328428560433,Older band,1
6538441737335434,Younger band,6
6538891242532018,Middle band,6
6539653032686894,Older band,1
6540981358631302,Older band,2
6544734391390261,Middle band,3
6547670341037171,Older band,3
6550399784335736,Middle band,2
6554245334757802,Older band,3
6564459919350820,Older band,1
6569097840281287,Older band,1
6573561108825071,Older band,3
6592074504369261,Middle band,1
6592243974328236,Middle band,2
6592861994408652,Middle band,3
6593250708747804,Middle band,3
6593939509150446,Middle band,1
6595970453799027,Older band,3
6596735789587928,Older band,2
6597248210463122,Older band,1
6597888193422452,Older band,4
4018105808392773675,Older band,2
4040099974063068803,Middle band,3
4044436772018844508,Middle band,1
4045036286570100739,Older band,2
4063094974360571498,Older band,2
4089096483689733451,Middle band,3
4092452671396169678,Older band,4
4102003771126577611,Middle band,3
4110266553600176127,Middle band,1
4128730454058057622,Older band,4
4181833256558613886,Middle band,5
4208110975550360171,Middle band,2
4209696857872688515,Middle band,1
4210078554961359092,Older band,3
4220495028289516646,Older band,2
4223708906367574214,Middle band,4
4225990116481262579,Older band,2
4226219726886852999,Middle band,1
4244953610136705533,Middle band,1
4255397449664185994,Older band,2
4292743669224718067,Middle band,3
4292902571056973207,Younger band,3
4301028321766222513,Middle band,4
4311368326621416041,Older band,2
4312133045694601139,Middle band,2
4319584480204988982,Older band,4
4355790796238264643,Older band,3
4358137750029944984,Middle band,2
4373370572092720777,Middle band,1
4379260813815979609,Middle band,3
4390966588600992777,Older band,2
4400011257587661852,Middle band,4
4410582919485061752,Older band,2
4426075337087318654,Middle band,1
4428780983793657331,Older band,2
4457732997086323466,Middle band,4
4462038234743679432,Older band,1
4467456915153312231,Older band,2
4469777115158234880,Middle band,4
4477156602511939689,Middle band,2
4488258847705225890,Older band,3
4497451418073897078,Middle band,2
4497913965512794052,Older band,2
4502539526809429801,Older band,3
4503101193493052864,Middle band,3
4512828414983801773,Middle band,6
4536996888716062123,Middle band,5
4560004149983868183,Middle band,3
4560395181594436016,Middle band,4
4584931703207308232,Middle band,3
4587657402165341815,Younger band,6
4599735407877245080,Older band,2
4646845581490336108,Middle band,5
4653178848915023204,Middle band,2
4661996144291811856,Older band,2
4666314527820883145,Middle band,1
4689147265057948423,Older band,3
4710826438164847414,Older band,3
4715741951931168360,Older band,3
4725837176265195730,Middle band,1
4736845434667908128,Older band,4
4742883543039288059,Middle band,3
4756039869079882102,Older band,1
4761403817546679245,Middle band,3
4769426683924058915,Older band,4
4792627764422477317,Middle band,6
4797297220948468262,Middle band,5
4798937978667559470,Younger band,1
4810789809665942990,Middle band,3
4810839835482794272,Middle band,4
4855488158131690372,Middle band,4
4855853415727304322,Older band,1
4861310130652566408,Middle band,5
4890424426862856940,Middle band,3
4897067971111209737,Middle band,2
4906628655840914250,Middle band,5
4956828990005111019,Middle band,5
4958589671582726883,Older band,3
4973530368125489546,Older band,2
4980323467523543940,Older band,1
4989847570577635369,Middle band,2
4992346398065154184,Older band,4
