generation,n_customers,metric,median,mean,median_ci_low,median_ci_high
Silent,92,share_travel,0.027133,0.039025,0.018861,0.036659
Silent,92,share_dining_entertainment,0.126592,0.131019,0.113317,0.143896
Silent,92,share_grocery,0.186794,0.185442,0.172879,0.199088
Silent,92,share_gas_transport,0.121139,0.122596,0.113942,0.129802
Silent,92,share_shopping,0.132591,0.135558,0.127828,0.137769
Silent,92,share_health_personal,0.109837,0.108385,0.099284,0.116695
Silent,92,share_home_kids_pets,0.176746,0.183233,0.160478,0.198923
Silent,92,share_misc,0.094326,0.094742,0.088587,0.099091
Silent,92,online_share,0.313885,0.312706,0.303101,0.329559
Silent,92,avg_ticket,62.346097,63.233076,61.454408,64.328007
Silent,92,median_ticket,43.050000,43.789891,40.815000,46.102687
Silent,92,monthly_txns,60.750000,68.576540,60.666667,90.625000
Silent,92,monthly_spend,3973.450000,4311.276920,3722.516875,5324.403750
Silent,92,weekend_share,0.329118,0.327484,0.325460,0.330893
Silent,92,late_night_share,0.302781,0.302825,0.297009,0.307587
Boomers,223,share_travel,0.023533,0.038712,0.017860,0.028173
Boomers,223,share_dining_entertainment,0.121851,0.130061,0.117127,0.131254
Boomers,223,share_grocery,0.186420,0.186590,0.180247,0.194305
Boomers,223,share_gas_transport,0.127832,0.125275,0.121260,0.132458
Boomers,223,share_shopping,0.128013,0.132428,0.123888,0.134684
Boomers,223,share_health_personal,0.112196,0.109157,0.104649,0.115163
Boomers,223,share_home_kids_pets,0.172206,0.180767,0.166107,0.182726
Boomers,223,share_misc,0.095648,0.097011,0.093847,0.096944
Boomers,223,online_share,0.304813,0.304346,0.295638,0.313110
Boomers,223,avg_ticket,62.305096,63.036771,61.681909,62.852423
Boomers,223,median_ticket,41.860000,43.461188,40.957125,43.400000
Boomers,223,monthly_txns,60.708333,67.203849,60.666667,60.750000
Boomers,223,monthly_spend,3926.150000,4213.821470,3788.827917,4097.884583
Boomers,223,weekend_share,0.328640,0.329008,0.327385,0.329787
Boomers,223,late_night_share,0.303571,0.304053,0.299451,0.306319
Gen X,279,share_travel,0.022145,0.055246,0.017594,0.026636
Gen X,279,share_dining_entertainment,0.117396,0.117092,0.114798,0.120249
Gen X,279,share_grocery,0.185245,0.189553,0.174036,0.191862
Gen X,279,share_gas_transport,0.117865,0.100145,0.112614,0.124428
Gen X,279,share_shopping,0.162181,0.168176,0.154469,0.172213
Gen X,279,share_health_personal,0.101128,0.104643,0.098816,0.105614
Gen X,279,share_home_kids_pets,0.156570,0.163475,0.154042,0.161342
Gen X,279,share_misc,0.105161,0.101670,0.102497,0.108577
Gen X,279,online_share,0.324647,0.328410,0.321951,0.329624
Gen X,279,avg_ticket,62.505820,69.256072,61.052185,64.022121
Gen X,279,median_ticket,40.135000,46.480663,39.080000,42.090000
Gen X,279,monthly_txns,91.041667,91.335275,90.916667,91.125000
Gen X,279,monthly_spend,5726.144583,6338.289916,5477.342500,6296.430833
Gen X,279,weekend_share,0.321265,0.321116,0.318556,0.322811
Gen X,279,late_night_share,0.260631,0.266921,0.250342,0.271791
Millennials,266,share_travel,0.018106,0.060265,0.013510,0.023771
Millennials,266,share_dining_entertainment,0.120448,0.116439,0.117143,0.122268
Millennials,266,share_grocery,0.169043,0.187128,0.162581,0.182810
Millennials,266,share_gas_transport,0.103749,0.084506,0.033184,0.115425
Millennials,266,share_shopping,0.193064,0.190814,0.187484,0.199125
Millennials,266,share_health_personal,0.098721,0.100668,0.096795,0.101033
Millennials,266,share_home_kids_pets,0.153974,0.153340,0.149876,0.157999
Millennials,266,share_misc,0.110694,0.106840,0.105923,0.115564
Millennials,266,online_share,0.333210,0.341209,0.327805,0.337801
Millennials,266,avg_ticket,65.616386,72.948945,60.885281,83.495552
Millennials,266,median_ticket,39.980000,48.826391,38.245000,52.345000
Millennials,266,monthly_txns,90.958333,92.377036,90.791667,91.083333
Millennials,266,monthly_spend,6026.448125,6660.200348,5465.343333,6968.946250
Millennials,266,weekend_share,0.318244,0.320350,0.316294,0.320522
Millennials,266,late_night_share,0.243403,0.247630,0.242091,0.245849
Gen Z,48,share_travel,0.008818,0.028137,0.005008,0.020438
Gen Z,48,share_dining_entertainment,0.141729,0.145455,0.136151,0.154141
Gen Z,48,share_grocery,0.092081,0.083821,0.065393,0.098328
Gen Z,48,share_gas_transport,0.138147,0.132793,0.102211,0.154156
Gen Z,48,share_shopping,0.221352,0.213821,0.194839,0.242781
Gen Z,48,share_health_personal,0.103186,0.103819,0.093812,0.114688
Gen Z,48,share_home_kids_pets,0.120672,0.107741,0.067210,0.138747
Gen Z,48,share_misc,0.148151,0.184413,0.129323,0.253019
Gen Z,48,online_share,0.416061,0.413277,0.404198,0.422672
Gen Z,48,avg_ticket,53.437423,58.741653,50.189781,69.745029
Gen Z,48,median_ticket,24.620000,36.554896,23.990000,54.065000
Gen Z,48,monthly_txns,106.187500,113.138021,91.083333,151.291667
Gen Z,48,monthly_spend,5878.032708,6625.293811,4819.550417,7351.120000
Gen Z,48,weekend_share,0.387715,0.387078,0.383709,0.391632
Gen Z,48,late_night_share,0.215028,0.215668,0.210756,0.219093
