customer_id,segment_id,segment_name,generation,pca_1,pca_2
60416207185,4,Mainstream Everyday Spenders,Millennials,-0.246466,0.848209
60422928733,5,Light Home and Dining Spenders,Silent,-1.629895,-0.725277
60423098130,2,Big-Ticket Travelers,Boomers,-1.264031,-4.694527
60427851591,2,Big-Ticket Travelers,Gen X,1.291787,-3.549878
60487002085,5,Light Home and Dining Spenders,Gen X,-2.968436,-0.477345
60490596305,4,Mainstream Everyday Spenders,Boomers,-0.001144,0.749855
60495593109,5,Light Home and Dining Spenders,Silent,-3.253004,-0.748447
501802953619,4,Mainstream Everyday Spenders,Boomers,-0.916219,-0.208171
501828204849,4,Mainstream Everyday Spenders,Boomers,-2.012575,0.011951
501831082224,4,Mainstream Everyday Spenders,Boomers,-2.478133,1.374456
501882822387,5,Light Home and Dining Spenders,Boomers,-1.693463,-1.309503
501899453424,5,Light Home and Dining Spenders,Gen X,-1.022764,-1.394925
502012776709,4,Mainstream Everyday Spenders,Silent,-0.233210,1.069181
502038091380,2,Big-Ticket Travelers,Gen X,2.208760,-2.807555
502049568400,4,Mainstream Everyday Spenders,Boomers,-1.287259,-0.228408
503848303379,4,Mainstream Everyday Spenders,Gen X,-0.181670,0.890362
503874407318,4,Mainstream Everyday Spenders,Gen X,0.216256,0.946190
560881134780,4,Mainstream Everyday Spenders,Boomers,-2.088041,1.019619
561942763351,1,Premium Household Shoppers,Millennials,2.866014,0.000433
565399283797,2,Big-Ticket Travelers,Millennials,0.795663,-2.747036
567868110212,1,Premium Household Shoppers,Millennials,3.357145,0.277642
568279015842,2,Big-Ticket Travelers,Millennials,1.239493,-2.623431
570273151375,4,Mainstream Everyday Spenders,Gen X,-3.198617,0.528662
571314334723,4,Mainstream Everyday Spenders,Gen X,-2.392483,1.023982
571365235126,4,Mainstream Everyday Spenders,Millennials,0.589434,1.980305
571465035400,2,Big-Ticket Travelers,Gen X,2.439229,-2.437241
571844099986,5,Light Home and Dining Spenders,Boomers,-1.007561,-0.928462
573283817795,5,Light Home and Dining Spenders,Boomers,-1.325348,-1.735381
573860193545,4,Mainstream Everyday Spenders,Millennials,0.727776,1.226113
577588686219,3,Digital Shoppers,Gen Z,3.202752,3.853635
580954173374,5,Light Home and Dining Spenders,Boomers,-1.907839,-1.326872
581293083266,2,Big-Ticket Travelers,Millennials,2.361718,-2.802512
581508178315,2,Big-Ticket Travelers,Gen X,1.219095,-3.736719
581686439828,4,Mainstream Everyday Spenders,Gen X,0.031280,1.317373
583699482621,5,Light Home and Dining Spenders,Silent,-0.556815,-1.836435
584673555952,4,Mainstream Everyday Spenders,Silent,-0.301351,1.101759
630412733309,4,Mainstream Everyday Spenders,Boomers,-3.625491,0.302073
630423337322,4,Mainstream Everyday Spenders,Gen X,0.624168,2.481877
630424987505,4,Mainstream Everyday Spenders,Millennials,0.455106,1.460816
630425673344,4,Mainstream Everyday Spenders,Gen X,-0.347742,-0.596817
630441765090,4,Mainstream Everyday Spenders,Gen X,-0.424983,0.252352
630451534402,4,Mainstream Everyday Spenders,Gen X,0.927109,0.724286
630469040731,4,Mainstream Everyday Spenders,Silent,-0.798565,1.419813
630471368021,2,Big-Ticket Travelers,Gen X,0.690659,-3.108668
630484879808,2,Big-Ticket Travelers,Gen X,2.746341,-2.596542
639023984367,4,Mainstream Everyday Spenders,Millennials,0.466994,0.893839
639030014711,2,Big-Ticket Travelers,Millennials,1.290492,-2.652910
639046421587,2,Big-Ticket Travelers,Millennials,1.876357,-2.611394
639077309909,5,Light Home and Dining Spenders,Gen X,-3.273768,-1.196149
639095706599,4,Mainstream Everyday Spenders,Silent,-1.995301,1.705182
675909898057,2,Big-Ticket Travelers,Boomers,-0.895915,-3.970288
675945690716,3,Digital Shoppers,Gen Z,1.945818,2.701351
675961917837,2,Big-Ticket Travelers,Gen X,-1.297650,-2.732014
675990301623,4,Mainstream Everyday Spenders,Millennials,-0.986517,1.905749
676102124465,1,Premium Household Shoppers,Millennials,3.735353,-0.823299
676118385837,4,Mainstream Everyday Spenders,Silent,-1.397587,0.833827
676148621961,4,Mainstream Everyday Spenders,Boomers,-2.068470,0.835308
676173792455,5,Light Home and Dining Spenders,Boomers,-1.250620,-1.759239
676195318214,4,Mainstream Everyday Spenders,Millennials,-0.030341,1.772194
676234256292,2,Big-Ticket Travelers,Millennials,0.849921,-3.258989
676245600876,5,Light Home and Dining Spenders,Boomers,-1.189510,-1.256177
676248282243,5,Light Home and Dining Spenders,Gen X,-1.644983,-1.222963
676275912597,2,Big-Ticket Travelers,Millennials,1.483434,-3.815489
676281772837,5,Light Home and Dining Spenders,Boomers,-0.246459,-1.966795
676292294938,4,Mainstream Everyday Spenders,Silent,-2.024055,1.233992
676298633337,4,Mainstream Everyday Spenders,Gen X,-0.323256,1.435607
676308307625,5,Light Home and Dining Spenders,Millennials,0.032481,0.451798
676309913934,4,Mainstream Everyday Spenders,Millennials,-1.573631,1.095974
676314217768,1,Premium Household Shoppers,Gen X,2.219311,-0.793060
676326610042,1,Premium Household Shoppers,Millennials,1.049644,-0.250377
676369110710,4,Mainstream Everyday Spenders,Gen X,0.219005,0.836957
676372984911,4,Mainstream Everyday Spenders,Millennials,0.306662,1.257193
4006047418382,4,Mainstream Everyday Spenders,Gen X,-0.785751,2.119218
4026222041577,1,Premium Household Shoppers,Gen X,1.658039,-1.657484
4066595222529,4,Mainstream Everyday Spenders,Silent,-0.534522,1.071686
4079773899158,4,Mainstream Everyday Spenders,Gen X,-0.626169,1.465361
4103158249977,2,Big-Ticket Travelers,Millennials,1.120170,-3.358818
4149635823017,4,Mainstream Everyday Spenders,Gen X,0.513187,1.295298
4158008602445,4,Mainstream Everyday Spenders,Gen X,-2.721713,0.601594
4169388510116,4,Mainstream Everyday Spenders,Boomers,-0.608783,0.282529
4186530744674,5,Light Home and Dining Spenders,Gen X,-0.856942,-0.648081
4189814094741,3,Digital Shoppers,Gen Z,-0.877958,1.892180
4195740185974,5,Light Home and Dining Spenders,Boomers,-1.555700,-1.209665
4198470814557,4,Mainstream Everyday Spenders,Gen X,0.240019,2.508975
4220345354880,5,Light Home and Dining Spenders,Boomers,-1.033929,-1.549429
4239436242473,4,Mainstream Everyday Spenders,Millennials,-0.127638,0.957903
4247921790666,5,Light Home and Dining Spenders,Silent,-0.194238,-0.835494
4259996134423,4,Mainstream Everyday Spenders,Gen X,-1.240540,0.283030
4260128500325,3,Digital Shoppers,Gen Z,3.320663,3.459962
4279161831637,4,Mainstream Everyday Spenders,Millennials,-0.695504,0.295443
4294930380592,4,Mainstream Everyday Spenders,Silent,-0.847777,1.273004
4306630852918,5,Light Home and Dining Spenders,Boomers,-0.734106,-2.099114
4383521454815,4,Mainstream Everyday Spenders,Millennials,-0.234797,0.486420
4393520897625,2,Big-Ticket Travelers,Millennials,2.076769,-3.687146
4396682467723,5,Light Home and Dining Spenders,Boomers,-2.708273,-1.090218
4427805710168,3,Digital Shoppers,Gen Z,-1.187372,2.615451
4440581794652,5,Light Home and Dining Spenders,Boomers,-1.524482,-2.052353
4464457352619,4,Mainstream Everyday Spenders,Millennials,-0.119324,1.342082
4471568287204,5,Light Home and Dining Spenders,Silent,-1.628630,-1.558052
4476840372112,4,Mainstream Everyday Spenders,Gen X,-0.694026,1.680707
4481131401752,4,Mainstream Everyday Spenders,Gen X,-0.886830,0.553790
4500002361389,4,Mainstream Everyday Spenders,Gen X,-0.742653,1.076307
4505383113689,5,Light Home and Dining Spenders,Silent,-1.611739,-2.474018
4538566639857,5,Light Home and Dining Spenders,Gen X,-0.763055,-0.664563
4561546772499,4,Mainstream Everyday Spenders,Millennials,0.525717,0.916548
4561892980175,5,Light Home and Dining Spenders,Gen X,-2.104686,-1.580697
4562827002127,4,Mainstream Everyday Spenders,Gen X,-0.197516,1.257783
4585132874641,4,Mainstream Everyday Spenders,Gen X,0.020814,2.377256
4586260469584,4,Mainstream Everyday Spenders,Boomers,-0.545720,0.890811
4600155880464,5,Light Home and Dining Spenders,Gen X,-1.815405,-2.016315
4601636330889,4,Mainstream Everyday Spenders,Millennials,0.133827,0.157475
4605902936394,5,Light Home and Dining Spenders,Boomers,-0.388078,-2.445924
4613314721966,2,Big-Ticket Travelers,Millennials,2.487289,-2.594677
4623560839669,4,Mainstream Everyday Spenders,Boomers,0.117524,0.386516
4640395708703,4,Mainstream Everyday Spenders,Boomers,-0.665896,1.520227
4642894980163,4,Mainstream Everyday Spenders,Millennials,0.122080,1.404561
4658117080136,4,Mainstream Everyday Spenders,Millennials,-0.136026,-0.225468
4681699462969,4,Mainstream Everyday Spenders,Gen X,0.937188,1.583224
4683638447911,2,Big-Ticket Travelers,Gen X,2.534184,-2.787156
4687263141103,4,Mainstream Everyday Spenders,Gen X,-2.065418,-0.751346
4745996322265,3,Digital Shoppers,Gen Z,4.490646,3.207671
4755696071492,4,Mainstream Everyday Spenders,Millennials,1.422090,1.493866
4760122961662,4,Mainstream Everyday Spenders,Silent,-2.618351,-1.053932
4783226709001,4,Mainstream Everyday Spenders,Boomers,-1.652131,1.140561
4788103653396,5,Light Home and Dining Spenders,Silent,-1.287862,-1.127146
4806443445305,3,Digital Shoppers,Gen Z,-0.040709,0.554797
4807552641361,4,Mainstream Everyday Spenders,Boomers,-2.199284,0.164409
4809701904914,1,Premium Household Shoppers,Millennials,3.274069,0.033015
4862293128558,4,Mainstream Everyday Spenders,Boomers,-0.844027,0.421664
4900628639996,4,Mainstream Everyday Spenders,Gen X,0.828904,0.950990
4917226033950,4,Mainstream Everyday Spenders,Silent,-2.369407,0.103979
4957924165498,4,Mainstream Everyday Spenders,Boomers,-0.729811,0.278435
4981132848794,4,Mainstream Everyday Spenders,Boomers,-0.155801,0.690499
4988304376504,4,Mainstream Everyday Spenders,Silent,-0.329233,0.743060
4990494243023,4,Mainstream Everyday Spenders,Boomers,-1.072280,1.089860
30011465039817,1,Premium Household Shoppers,Gen X,1.037428,-0.553987
30026790933302,2,Big-Ticket Travelers,Gen X,2.645214,-2.037700
30029052116970,4,Mainstream Everyday Spenders,Gen X,-0.371503,1.610337
30030380240193,2,Big-Ticket Travelers,Millennials,2.748114,-2.654681
30033162392091,2,Big-Ticket Travelers,Gen X,1.841565,-2.764630
30042378430132,4,Mainstream Everyday Spenders,Gen X,-1.965717,0.235836
30044330818990,1,Premium Household Shoppers,Millennials,3.327797,0.199741
30074693890476,1,Premium Household Shoppers,Millennials,3.575748,0.296046
30082025922891,5,Light Home and Dining Spenders,Silent,-0.834345,-1.208392
30092964733035,1,Premium Household Shoppers,Gen X,2.535968,0.023582
30103132002433,1,Premium Household Shoppers,Millennials,2.202963,-0.870068
30118423745458,4,Mainstream Everyday Spenders,Millennials,0.336060,1.424634
30131826429364,1,Premium Household Shoppers,Millennials,3.628625,0.563300
30135235368675,1,Premium Household Shoppers,Millennials,3.044124,0.252409
30143535920989,4,Mainstream Everyday Spenders,Gen X,-1.061691,-0.731262
30143713661454,4,Mainstream Everyday Spenders,Silent,-0.662375,0.720446
30150717898388,4,Mainstream Everyday Spenders,Gen X,-0.774399,1.339398
30153452207526,5,Light Home and Dining Spenders,Boomers,-1.564505,-0.696534
30175986190993,4,Mainstream Everyday Spenders,Gen X,-0.144251,1.140304
30181367542315,4,Mainstream Everyday Spenders,Boomers,-2.440536,0.553397
30197398657930,1,Premium Household Shoppers,Millennials,3.416051,0.019040
30199621383748,1,Premium Household Shoppers,Gen X,3.441921,0.137355
30230540139182,2,Big-Ticket Travelers,Gen X,2.334477,-2.458020
30234966027947,4,Mainstream Everyday Spenders,Gen X,0.648760,1.694255
30235268718158,4,Mainstream Everyday Spenders,Gen X,0.873981,-0.699338
30235438713303,4,Mainstream Everyday Spenders,Gen X,0.520404,1.505224
30238755902988,4,Mainstream Everyday Spenders,Gen X,-0.093642,1.974051
30242921189660,4,Mainstream Everyday Spenders,Boomers,-0.896214,1.011867
30248898834493,4,Mainstream Everyday Spenders,Boomers,-2.100033,0.872182
30263540414123,4,Mainstream Everyday Spenders,Boomers,-1.216488,1.087080
30266994494236,4,Mainstream Everyday Spenders,Gen X,-0.319775,1.673437
30270432095985,4,Mainstream Everyday Spenders,Gen X,0.731067,2.278436
30273037698427,3,Digital Shoppers,Gen Z,4.491048,3.827577
30290551782700,5,Light Home and Dining Spenders,Boomers,-0.829184,-0.851858
30328384440870,4,Mainstream Everyday Spenders,Boomers,-0.360791,1.140877
30343344410970,5,Light Home and Dining Spenders,Boomers,-0.960139,-2.527897
30344654314976,4,Mainstream Everyday Spenders,Gen X,-1.063100,0.498060
30357372465631,4,Mainstream Everyday Spenders,Gen X,-2.844787,1.468352
30360260465747,4,Mainstream Everyday Spenders,Boomers,-1.148499,0.079449
30364087349027,4,Mainstream Everyday Spenders,Millennials,-0.571674,1.004841
30371006069917,4,Mainstream Everyday Spenders,Boomers,-1.407341,1.097296
30373802285317,5,Light Home and Dining Spenders,Boomers,-1.758595,-1.313847
30376238035123,4,Mainstream Everyday Spenders,Silent,-1.478475,1.320324
30404291151692,1,Premium Household Shoppers,Millennials,3.338877,-0.425654
30407675418785,4,Mainstream Everyday Spenders,Millennials,0.258160,0.444865
30408301059761,2,Big-Ticket Travelers,Gen X,-1.444770,-5.576167
30427035050508,5,Light Home and Dining Spenders,Gen X,-0.546176,-0.968501
30428204673351,2,Big-Ticket Travelers,Millennials,2.688215,-2.074648
30434173205605,4,Mainstream Everyday Spenders,Millennials,0.259088,-0.083240
30442439074871,1,Premium Household Shoppers,Millennials,3.387344,-0.841143
30446018552504,4,Mainstream Everyday Spenders,Millennials,-3.351724,1.045078
30487648872433,4,Mainstream Everyday Spenders,Boomers,-1.933186,0.653214
30491348102802,5,Light Home and Dining Spenders,Boomers,-2.778498,-1.437138
30501624614310,4,Mainstream Everyday Spenders,Gen X,-0.168838,1.837618
30510856607165,5,Light Home and Dining Spenders,Gen X,-2.579980,-1.207324
30518196150127,4,Mainstream Everyday Spenders,Gen X,-0.881953,-1.126109
30518206766474,4,Mainstream Everyday Spenders,Gen X,-0.258564,1.830049
30541100351706,4,Mainstream Everyday Spenders,Millennials,-2.398946,0.041582
30546453310167,5,Light Home and Dining Spenders,Boomers,-0.703056,-2.095564
30551643947183,1,Premium Household Shoppers,Gen X,3.923022,0.195406
30560609640617,4,Mainstream Everyday Spenders,Gen X,-1.070517,0.978373
30561214688470,3,Digital Shoppers,Gen Z,0.381751,3.535323
30570197515105,5,Light Home and Dining Spenders,Silent,-1.122946,-1.730055
30596478689301,4,Mainstream Everyday Spenders,Millennials,-2.471679,0.919636
36078114201167,4,Mainstream Everyday Spenders,Silent,-0.946818,0.434534
36153880429415,5,Light Home and Dining Spenders,Boomers,-1.109567,-2.351716
36192615525683,1,Premium Household Shoppers,Gen X,1.130750,-0.292973
36360452125889,5,Light Home and Dining Spenders,Boomers,-2.634107,-1.416325
36485887555770,3,Digital Shoppers,Gen Z,3.847906,3.753079
36581538659449,5,Light Home and Dining Spenders,Millennials,-2.208297,-0.264164
36721445180895,4,Mainstream Everyday Spenders,Gen X,-0.706985,1.483444
36722699017270,1,Premium Household Shoppers,Millennials,3.874078,0.171687
36890292963032,4,Mainstream Everyday Spenders,Boomers,-1.552665,0.236442
36913587729122,1,Premium Household Shoppers,Gen X,3.787391,-0.264542
38014427445058,5,Light Home and Dining Spenders,Boomers,-3.045323,-1.543437
38052002992326,3,Digital Shoppers,Millennials,0.151810,3.857148
38057513087029,3,Digital Shoppers,Gen Z,0.458656,3.131402
38199021865320,2,Big-Ticket Travelers,Millennials,2.744192,-2.236465
38295635583927,4,Mainstream Everyday Spenders,Millennials,-0.643872,1.529916
38530489946071,4,Mainstream Everyday Spenders,Millennials,0.736800,1.677174
38544312728630,1,Premium Household Shoppers,Millennials,0.667340,-0.471330
38580485618059,4,Mainstream Everyday Spenders,Gen X,-0.702549,1.136278
38588538868506,4,Mainstream Everyday Spenders,Millennials,0.168470,0.970300
38797410705641,2,Big-Ticket Travelers,Gen X,2.341212,-2.814728
38859492057661,5,Light Home and Dining Spenders,Boomers,-1.478475,-1.346837
38947654498698,4,Mainstream Everyday Spenders,Gen X,-1.066535,1.919555
180011453250192,2,Big-Ticket Travelers,Millennials,2.775526,-2.909705
180014262259255,5,Light Home and Dining Spenders,Boomers,-1.776628,-1.925453
180017442990269,5,Light Home and Dining Spenders,Silent,-0.885262,-0.778493
180018375329178,1,Premium Household Shoppers,Millennials,3.008165,-0.228746
180031190491743,1,Premium Household Shoppers,Gen X,3.816757,-0.027337
180036456789979,4,Mainstream Everyday Spenders,Gen X,-0.044704,2.444362
180040027502291,5,Light Home and Dining Spenders,Boomers,-2.440536,-1.087543
180042946491150,4,Mainstream Everyday Spenders,Millennials,0.031474,1.556099
180046165512893,5,Light Home and Dining Spenders,Gen X,-1.808301,-0.800092
180046617132290,5,Light Home and Dining Spenders,Silent,-1.093645,-1.347052
180046765320457,5,Light Home and Dining Spenders,Boomers,-1.439126,-2.229730
180047222886866,4,Mainstream Everyday Spenders,Millennials,-1.426082,1.273764
180048185037117,1,Premium Household Shoppers,Gen X,3.517473,0.175771
180049032966888,2,Big-Ticket Travelers,Millennials,2.427643,-2.595772
180056173248083,4,Mainstream Everyday Spenders,Gen X,-1.824544,0.386140
180058696935600,3,Digital Shoppers,Gen Z,1.602397,2.532918
180064817343047,4,Mainstream Everyday Spenders,Gen X,-0.370436,0.305595
180065479077096,5,Light Home and Dining Spenders,Boomers,-1.231930,-0.292084
180067151859700,1,Premium Household Shoppers,Millennials,3.436612,0.250155
180067784565096,4,Mainstream Everyday Spenders,Silent,-0.384455,1.223279
180068353086472,1,Premium Household Shoppers,Gen X,2.320919,-1.278964
180069253480336,5,Light Home and Dining Spenders,Gen X,-1.242849,-1.452528
180072527505094,5,Light Home and Dining Spenders,Boomers,-1.670587,-0.899355
180081032825079,4,Mainstream Everyday Spenders,Boomers,-1.548333,1.063607
180084576295055,4,Mainstream Everyday Spenders,Gen X,-1.127767,1.760776
180084695172649,1,Premium Household Shoppers,Millennials,1.262465,-1.177253
180094419304907,1,Premium Household Shoppers,Gen X,4.384699,0.056717
180094608895855,4,Mainstream Everyday Spenders,Boomers,-2.837478,0.571017
213102873001603,4,Mainstream Everyday Spenders,Boomers,-0.369042,0.836414
213107169859697,1,Premium Household Shoppers,Gen X,3.072237,-0.830052
213112402583773,4,Mainstream Everyday Spenders,Millennials,0.270291,1.701317
213113028819344,5,Light Home and Dining Spenders,Boomers,-1.144050,-1.674451
213113338379864,5,Light Home and Dining Spenders,Boomers,-2.383983,-1.927210
213114122496591,4,Mainstream Everyday Spenders,Boomers,-1.178928,0.804603
213120463918358,4,Mainstream Everyday Spenders,Boomers,-1.421388,0.885271
213124978348176,4,Mainstream Everyday Spenders,Boomers,-1.008223,1.114477
213125815021702,4,Mainstream Everyday Spenders,Silent,-1.394442,1.347506
213126662687660,4,Mainstream Everyday Spenders,Gen X,0.985461,1.598613
213136802746375,4,Mainstream Everyday Spenders,Boomers,-1.742944,-0.339289
213141712584544,1,Premium Household Shoppers,Millennials,3.793407,0.026436
213148039875802,1,Premium Household Shoppers,Gen X,3.206061,-1.008202
213153151785052,3,Digital Shoppers,Gen Z,-0.624002,3.816956
213154573301411,2,Big-Ticket Travelers,Millennials,2.144952,-2.618514
213155997615567,2,Big-Ticket Travelers,Gen X,1.931652,-2.719665
213156747557083,4,Mainstream Everyday Spenders,Millennials,1.573083,0.850936
213157767990030,1,Premium Household Shoppers,Millennials,4.131626,-0.560608
213161231269724,5,Light Home and Dining Spenders,Boomers,-1.123004,-1.300725
213161293389774,5,Light Home and Dining Spenders,Gen X,-1.074333,-1.521831
213161869125933,4,Mainstream Everyday Spenders,Gen X,-0.822570,1.366302
213163860545705,2,Big-Ticket Travelers,Millennials,1.894892,-2.666823
213173753804333,5,Light Home and Dining Spenders,Boomers,-0.511908,-0.109817
213174467670432,4,Mainstream Everyday Spenders,Gen X,-0.719490,1.254615
213175487106448,4,Mainstream Everyday Spenders,Boomers,-0.646540,0.729183
213178765398315,4,Mainstream Everyday Spenders,Millennials,0.657882,0.873702
213178850083780,2,Big-Ticket Travelers,Gen X,2.323461,-2.327002
213180742685905,4,Mainstream Everyday Spenders,Boomers,-0.772213,1.328504
213186334552049,4,Mainstream Everyday Spenders,Gen X,-2.109249,1.518770
213186551511454,4,Mainstream Everyday Spenders,Boomers,-3.439942,0.933892
213186880359195,2,Big-Ticket Travelers,Gen X,1.393694,-3.538670
213191402330021,3,Digital Shoppers,Gen Z,-0.288248,3.816936
213193596103206,2,Big-Ticket Travelers,Millennials,2.652266,-2.565056
213195754007681,4,Mainstream Everyday Spenders,Gen X,-0.617009,0.975414
213198837352314,2,Big-Ticket Travelers,Millennials,1.432778,-3.232550
213199865312311,4,Mainstream Everyday Spenders,Silent,-0.850635,0.824655
340103199302564,5,Light Home and Dining Spenders,Silent,-1.660910,-0.989291
340951438290556,1,Premium Household Shoppers,Gen X,3.860219,-0.085454
340953839692349,4,Mainstream Everyday Spenders,Gen X,-0.098157,1.572777
341283058448499,4,Mainstream Everyday Spenders,Silent,-1.196074,0.283481
341542810616333,4,Mainstream Everyday Spenders,Boomers,-2.143727,0.870639
341546199006537,4,Mainstream Everyday Spenders,Silent,0.039324,1.399804
342035762534413,3,Digital Shoppers,Gen Z,2.275147,2.600291
342319985983023,2,Big-Ticket Travelers,Gen X,2.186942,-2.515772
342351256941125,1,Premium Household Shoppers,Millennials,3.104466,-0.502997
342360239917375,4,Mainstream Everyday Spenders,Gen X,-2.611862,0.425604
342952484382519,4,Mainstream Everyday Spenders,Millennials,0.294640,1.805110
343464013864032,5,Light Home and Dining Spenders,Boomers,-1.177380,-1.630908
343472729187663,4,Mainstream Everyday Spenders,Gen X,0.041707,-0.018905
343668971234893,5,Light Home and Dining Spenders,Boomers,-1.403517,-0.620473
343746486082492,4,Mainstream Everyday Spenders,Gen X,0.130335,1.195367
343819048608995,5,Light Home and Dining Spenders,Boomers,-1.960533,-1.185099
344342339068828,5,Light Home and Dining Spenders,Gen X,-1.473621,-0.835880
344709867813900,1,Premium Household Shoppers,Millennials,4.029624,0.324500
345060451158891,4,Mainstream Everyday Spenders,Boomers,-1.631696,0.659229
345389171551808,4,Mainstream Everyday Spenders,Millennials,-0.426054,1.763688
345832460465610,5,Light Home and Dining Spenders,Boomers,-0.137269,-0.991290
345933964507467,4,Mainstream Everyday Spenders,Millennials,0.196881,2.246952
346208242862904,5,Light Home and Dining Spenders,Boomers,-0.150522,-1.697866
346243940647414,4,Mainstream Everyday Spenders,Millennials,-1.095268,-1.338080
346273234529002,1,Premium Household Shoppers,Millennials,3.492936,0.185599
347073228412010,2,Big-Ticket Travelers,Gen X,1.697148,-2.510414
347612609554823,3,Digital Shoppers,Millennials,-2.032018,2.995950
348253506557335,5,Light Home and Dining Spenders,Boomers,-2.009148,-1.599886
348379466427142,5,Light Home and Dining Spenders,Boomers,-1.271904,-1.240776
348789608637806,4,Mainstream Everyday Spenders,Boomers,-1.268795,1.358750
349612764943496,2,Big-Ticket Travelers,Millennials,2.609958,-2.754289
370348764075623,5,Light Home and Dining Spenders,Boomers,-1.044271,-1.065774
370612217861404,1,Premium Household Shoppers,Millennials,3.260751,-0.174107
370818583810103,4,Mainstream Everyday Spenders,Gen X,-0.280490,1.204929
370877495212014,1,Premium Household Shoppers,Millennials,3.453976,0.048582
371009169330125,3,Digital Shoppers,Gen Z,0.818297,1.719727
371034293500716,4,Mainstream Everyday Spenders,Gen X,-1.435768,0.586865
371226440126102,4,Mainstream Everyday Spenders,Gen X,0.225165,2.101665
371284100299909,4,Mainstream Everyday Spenders,Gen X,-1.069706,1.860112
371284424780634,5,Light Home and Dining Spenders,Boomers,-1.042164,-1.889153
371683116218417,5,Light Home and Dining Spenders,Silent,-2.982932,-1.011224
371985236239474,4,Mainstream Everyday Spenders,Boomers,-1.318515,0.825398
372246459334925,4,Mainstream Everyday Spenders,Gen X,-0.364848,1.762406
372382441451095,4,Mainstream Everyday Spenders,Gen X,-0.597274,1.040685
372509258176510,1,Premium Household Shoppers,Millennials,4.084453,-0.314714
372520049757633,3,Digital Shoppers,Gen Z,4.272777,4.266905
373043435942726,2,Big-Ticket Travelers,Millennials,1.864528,-2.479877
373213026644490,4,Mainstream Everyday Spenders,Millennials,-2.196716,-0.891519
373905417449658,1,Premium Household Shoppers,Gen X,3.485856,0.106594
374125201044065,5,Light Home and Dining Spenders,Gen X,-1.468721,-1.563431
374238209524200,4,Mainstream Everyday Spenders,Silent,-2.101472,1.227387
374497717543058,4,Mainstream Everyday Spenders,Boomers,-0.610197,1.225492
374656033243756,4,Mainstream Everyday Spenders,Millennials,0.764799,1.315112
374821819075109,5,Light Home and Dining Spenders,Silent,-1.418905,-1.111424
374930071163758,4,Mainstream Everyday Spenders,Gen X,1.439842,1.409706
375082648741747,4,Mainstream Everyday Spenders,Gen X,-0.094668,2.152380
375237305371366,5,Light Home and Dining Spenders,Silent,-2.412038,-2.101594
375248307838179,4,Mainstream Everyday Spenders,Gen X,-0.888638,1.373596
375534208663984,2,Big-Ticket Travelers,Millennials,2.662719,-2.694005
375767678113375,5,Light Home and Dining Spenders,Boomers,-0.616879,-2.001816
375848982312810,4,Mainstream Everyday Spenders,Silent,-0.602371,0.870907
375904527651269,4,Mainstream Everyday Spenders,Boomers,-0.994995,0.937156
375974680629816,4,Mainstream Everyday Spenders,Gen X,0.213337,1.930774
376012912828093,5,Light Home and Dining Spenders,Gen X,-2.063158,-1.328442
376028110684021,2,Big-Ticket Travelers,Gen X,2.964308,-2.896018
376262134119629,5,Light Home and Dining Spenders,Boomers,-2.002081,-1.270711
376445266762684,4,Mainstream Everyday Spenders,Millennials,-0.016717,1.874773
376656886990758,4,Mainstream Everyday Spenders,Millennials,1.410522,1.181993
376944481517097,5,Light Home and Dining Spenders,Boomers,-3.235539,-2.157494
377026671291680,4,Mainstream Everyday Spenders,Gen X,0.613792,1.484984
377113842678100,4,Mainstream Everyday Spenders,Gen X,-1.144021,1.249925
377234009633447,4,Mainstream Everyday Spenders,Gen X,-0.645889,1.440853
377264520876399,5,Light Home and Dining Spenders,Boomers,-1.903945,-1.634406
377550167323848,5,Light Home and Dining Spenders,Boomers,-0.990490,-1.803258
377654590313960,5,Light Home and Dining Spenders,Gen X,-1.478072,-0.417261
377834944388609,5,Light Home and Dining Spenders,Gen X,-1.529464,-2.225314
377895991033232,5,Light Home and Dining Spenders,Boomers,-0.860887,-1.372296
377993105397617,4,Mainstream Everyday Spenders,Gen X,-0.431164,1.089190
378006354724784,2,Big-Ticket Travelers,Millennials,0.655607,-3.759569
378278619832195,5,Light Home and Dining Spenders,Boomers,-0.993113,-1.658525
378858024506425,5,Light Home and Dining Spenders,Silent,-2.166355,-1.379414
378904938837132,4,Mainstream Everyday Spenders,Millennials,-1.151176,1.060703
379141394109214,4,Mainstream Everyday Spenders,Gen X,-2.357345,-0.925650
379897244598068,5,Light Home and Dining Spenders,Silent,-1.828481,-1.193147
2222001896600109,4,Mainstream Everyday Spenders,Gen X,-0.806935,1.726421
2222157926772399,4,Mainstream Everyday Spenders,Millennials,-2.809457,-0.374892
2224100459250597,4,Mainstream Everyday Spenders,Boomers,-1.773175,0.980647
2227671554547514,1,Premium Household Shoppers,Gen X,1.288077,-1.487617
2229378226512508,2,Big-Ticket Travelers,Millennials,2.407712,-2.883342
2229824890647120,4,Mainstream Everyday Spenders,Boomers,-1.755216,0.512653
2231186809828225,5,Light Home and Dining Spenders,Boomers,-2.152883,-2.281573
2233882705243596,4,Mainstream Everyday Spenders,Boomers,-0.714317,-0.253226
2235335206132667,4,Mainstream Everyday Spenders,Boomers,-1.621357,0.662588
2235613922823698,4,Mainstream Everyday Spenders,Gen X,0.374177,2.178603
2242542703101233,3,Digital Shoppers,Millennials,4.188521,3.853746
2248348993063230,4,Mainstream Everyday Spenders,Boomers,-2.178855,-0.263953
2248735346244816,4,Mainstream Everyday Spenders,Boomers,-1.254186,1.131118
2252055259910912,2,Big-Ticket Travelers,Millennials,2.529686,-2.368586
2254799658404120,1,Premium Household Shoppers,Millennials,2.942425,-0.119978
2254917871818484,4,Mainstream Everyday Spenders,Gen X,0.181971,1.472441
2256234701263057,5,Light Home and Dining Spenders,Boomers,-1.020647,-1.683593
2260801330657968,5,Light Home and Dining Spenders,Silent,-0.916004,-1.268532
2264937662466770,3,Digital Shoppers,Millennials,1.911001,2.236570
2266735643685262,4,Mainstream Everyday Spenders,Gen X,0.049892,0.622702
2268221587779419,1,Premium Household Shoppers,Millennials,2.167500,-0.824158
2269768987945882,5,Light Home and Dining Spenders,Boomers,-0.738399,-0.875691
2274911989136158,5,Light Home and Dining Spenders,Silent,-1.690647,-1.360069
2280870154157385,4,Mainstream Everyday Spenders,Gen X,-2.366286,-0.832431
2283743876903625,3,Digital Shoppers,Gen Z,0.142029,2.843324
2284059275940012,5,Light Home and Dining Spenders,Gen X,-1.907189,-2.452625
2285066385084291,4,Mainstream Everyday Spenders,Millennials,-0.594406,0.710533
2286236465059468,4,Mainstream Everyday Spenders,Boomers,-0.034900,-0.140037
2288748891690227,5,Light Home and Dining Spenders,Gen X,-1.992492,-1.475092
2288813824604479,1,Premium Household Shoppers,Millennials,2.510836,-0.215731
2291163933867244,5,Light Home and Dining Spenders,Gen X,-1.234921,-1.245398
2296006538441789,3,Digital Shoppers,Gen Z,-0.459836,4.475265
2297447006766555,4,Mainstream Everyday Spenders,Boomers,-0.677037,1.059095
2305336922781618,4,Mainstream Everyday Spenders,Boomers,-0.737738,0.181758
2318062975163331,5,Light Home and Dining Spenders,Silent,-2.454049,-1.784419
2348245054386329,5,Light Home and Dining Spenders,Boomers,-0.725372,-0.861276
2356276337669917,4,Mainstream Everyday Spenders,Millennials,-0.687612,0.829996
2358122155477959,5,Light Home and Dining Spenders,Silent,-0.720414,-1.880993
2383461948823908,4,Mainstream Everyday Spenders,Boomers,-0.785096,1.206744
2450829271795901,4,Mainstream Everyday Spenders,Millennials,-0.967836,1.017116
2454076758463217,2,Big-Ticket Travelers,Millennials,0.765972,-3.451493
2475085306462014,2,Big-Ticket Travelers,Millennials,2.529019,-2.406695
2512312531485080,5,Light Home and Dining Spenders,Boomers,-1.133033,-0.775739
2576709887791552,5,Light Home and Dining Spenders,Boomers,-0.454885,-2.839404
2610529083834453,1,Premium Household Shoppers,Millennials,2.582188,-0.907123
2657850734909997,5,Light Home and Dining Spenders,Boomers,-0.418185,-0.805426
2703186189652095,1,Premium Household Shoppers,Millennials,3.484631,-0.593876
2706977570537524,2,Big-Ticket Travelers,Gen X,2.533415,-2.609598
2712209726293386,1,Premium Household Shoppers,Gen X,4.184396,-0.250370
2713913904780408,5,Light Home and Dining Spenders,Boomers,-1.189743,-1.100743
2714019737356678,3,Digital Shoppers,Millennials,1.913859,3.492287
2719496466799416,5,Light Home and Dining Spenders,Silent,-1.958841,-1.609900
2720012583106919,2,Big-Ticket Travelers,Gen X,2.609673,-2.442717
2720433095629877,3,Digital Shoppers,Gen Z,0.585563,3.726079
2720830304681674,1,Premium Household Shoppers,Gen X,3.037171,-0.603328
2720894374956739,5,Light Home and Dining Spenders,Silent,-1.145218,-1.611233
3500165543009955,4,Mainstream Everyday Spenders,Millennials,-1.166140,-0.000181
3500969075198072,3,Digital Shoppers,Gen Z,4.194077,3.788060
3501365119557234,4,Mainstream Everyday Spenders,Boomers,-1.674434,-0.930495
3501509250702469,4,Mainstream Everyday Spenders,Gen X,0.357718,0.648974
3501942333500073,3,Digital Shoppers,Gen Z,1.003784,3.343676
3502088871723054,4,Mainstream Everyday Spenders,Gen X,0.777113,1.985971
3502377050801561,5,Light Home and Dining Spenders,Boomers,-1.638065,-1.287388
3504178999463051,4,Mainstream Everyday Spenders,Millennials,0.139585,0.877638
3506040590383211,2,Big-Ticket Travelers,Millennials,2.218672,-3.048084
3506042666828517,4,Mainstream Everyday Spenders,Boomers,-1.523765,1.097732
3506592072985012,3,Digital Shoppers,Gen Z,1.337265,3.136861
3508104404056005,5,Light Home and Dining Spenders,Millennials,-1.609969,-0.168994
3511058278399773,4,Mainstream Everyday Spenders,Boomers,-2.572884,0.015720
3511378610369890,4,Mainstream Everyday Spenders,Gen X,0.730911,0.870210
3512365128314616,4,Mainstream Everyday Spenders,Millennials,-0.745544,1.086345
3513285035244624,5,Light Home and Dining Spenders,Silent,-1.871807,-1.923744
3513506355699497,5,Light Home and Dining Spenders,Gen X,-1.592282,-0.398514
3513618443244549,4,Mainstream Everyday Spenders,Boomers,-1.123943,1.419990
3514865930894695,4,Mainstream Everyday Spenders,Gen X,-0.150915,1.119322
3514897282719543,5,Light Home and Dining Spenders,Boomers,-0.464630,-1.476032
3517527805128735,4,Mainstream Everyday Spenders,Millennials,-0.297887,2.050401
3517814635263522,4,Mainstream Everyday Spenders,Silent,-1.722589,0.923465
3518234918950662,1,Premium Household Shoppers,Gen X,3.843112,0.268007
3518669219150142,3,Digital Shoppers,Millennials,0.422062,3.269248
3518758680062249,4,Mainstream Everyday Spenders,Millennials,-0.307672,1.577193
3519232971341141,4,Mainstream Everyday Spenders,Boomers,-0.817628,1.247277
3519607465576254,4,Mainstream Everyday Spenders,Silent,-0.738351,1.143327
3520550088202337,3,Digital Shoppers,Gen Z,2.971854,3.472247
3521417320836166,1,Premium Household Shoppers,Gen X,4.194491,0.394297
3521815216091574,2,Big-Ticket Travelers,Gen X,2.503232,-2.735930
3523843138706408,4,Mainstream Everyday Spenders,Gen X,-0.852771,2.125910
3523898249167098,4,Mainstream Everyday Spenders,Millennials,1.244934,1.482509
3524574586339330,1,Premium Household Shoppers,Millennials,2.825683,0.113059
3525590521269779,4,Mainstream Everyday Spenders,Millennials,0.823338,1.361619
3525668150756629,2,Big-Ticket Travelers,Millennials,1.867440,-2.985034
3526826139003047,4,Mainstream Everyday Spenders,Boomers,-0.445083,1.389678
3527063666782582,4,Mainstream Everyday Spenders,Gen X,-1.653782,0.279730
3527536963490470,4,Mainstream Everyday Spenders,Gen X,0.444693,2.000115
3528231451607350,4,Mainstream Everyday Spenders,Silent,-0.930119,-0.543365
3528407217576457,1,Premium Household Shoppers,Millennials,2.703825,0.082787
3529597810116815,4,Mainstream Everyday Spenders,Millennials,-0.966435,1.156485
3529597930342630,4,Mainstream Everyday Spenders,Millennials,-2.085123,0.671690
3530503964418806,5,Light Home and Dining Spenders,Boomers,-1.679697,-1.712082
3531129874770000,1,Premium Household Shoppers,Gen X,3.686091,0.042435
3531606252458308,5,Light Home and Dining Spenders,Boomers,-2.295258,-2.023060
3533012926413100,4,Mainstream Everyday Spenders,Millennials,-0.723437,1.375042
3533177016567295,4,Mainstream Everyday Spenders,Boomers,-1.423684,1.393643
3533742182628021,3,Digital Shoppers,Gen Z,0.108611,4.368454
3533800906065217,4,Mainstream Everyday Spenders,Silent,-0.734660,0.901144
3534093764340240,4,Mainstream Everyday Spenders,Gen X,-2.141954,-1.360957
3534330126107879,2,Big-Ticket Travelers,Gen X,2.826924,-2.866040
3534718226968689,4,Mainstream Everyday Spenders,Millennials,-0.598795,1.828296
3535808924394848,2,Big-Ticket Travelers,Gen X,2.511096,-2.790227
3536818734263520,4,Mainstream Everyday Spenders,Millennials,-2.739704,0.281415
3536918668124647,5,Light Home and Dining Spenders,Boomers,-1.686733,-2.649948
3537797820923602,4,Mainstream Everyday Spenders,Gen X,-1.230015,0.567374
3538520143479972,4,Mainstream Everyday Spenders,Gen X,-0.731407,0.985310
3540017235499519,2,Big-Ticket Travelers,Millennials,0.665737,-2.697468
3540075240003197,4,Mainstream Everyday Spenders,Millennials,-0.190792,1.786394
3540210836308425,2,Big-Ticket Travelers,Millennials,2.592669,-3.039546
3540862542587229,4,Mainstream Everyday Spenders,Silent,-2.248412,0.023226
3541160328600277,3,Digital Shoppers,Gen Z,4.244730,3.365385
3541554378551366,5,Light Home and Dining Spenders,Silent,-1.102825,-2.710905
3541687240161491,4,Mainstream Everyday Spenders,Boomers,-3.226385,0.036239
3542162746848552,4,Mainstream Everyday Spenders,Gen X,-3.151288,0.090019
3543299015720986,1,Premium Household Shoppers,Gen X,2.903448,-1.071385
3543591270174051,4,Mainstream Everyday Spenders,Gen X,-0.094275,2.046253
3544606805704278,4,Mainstream Everyday Spenders,Boomers,-2.746380,0.168607
3545109339866548,3,Digital Shoppers,Gen Z,1.246429,3.184442
3546674063249004,4,Mainstream Everyday Spenders,Millennials,-0.714484,0.774182
3546897637165774,4,Mainstream Everyday Spenders,Boomers,-0.453484,0.245301
3547560454237873,4,Mainstream Everyday Spenders,Gen X,-0.783119,1.154613
3547574373318979,4,Mainstream Everyday Spenders,Boomers,-0.869882,0.958975
3549202406645667,5,Light Home and Dining Spenders,Silent,-0.963648,-0.929178
3550554389581384,2,Big-Ticket Travelers,Millennials,0.615223,-3.293888
3551217896304745,1,Premium Household Shoppers,Gen X,3.711847,0.222714
3551512895305309,4,Mainstream Everyday Spenders,Boomers,-2.934002,0.832985
3552581383553463,5,Light Home and Dining Spenders,Gen X,-0.945149,-1.282163
3553629419254918,4,Mainstream Everyday Spenders,Millennials,-0.197960,2.197094
3554818239968984,2,Big-Ticket Travelers,Gen X,0.932659,-3.052495
3554849923339851,5,Light Home and Dining Spenders,Boomers,-1.240404,-2.575437
3556613125071656,3,Digital Shoppers,Gen Z,0.300789,3.498411
3557442674264531,3,Digital Shoppers,Gen Z,2.684917,2.726574
3558652751678952,5,Light Home and Dining Spenders,Silent,-0.692984,-1.025765
3558881852140592,4,Mainstream Everyday Spenders,Boomers,-0.797087,0.340582
3559160581764413,2,Big-Ticket Travelers,Gen X,2.398610,-2.973686
3559679414981506,1,Premium Household Shoppers,Millennials,3.170324,-0.600942
3559723917628303,2,Big-Ticket Travelers,Millennials,1.600352,-2.593526
3560246577314524,5,Light Home and Dining Spenders,Silent,-2.437087,-1.162864
3560318482131952,4,Mainstream Everyday Spenders,Boomers,-0.574745,1.214313
3560336828629935,4,Mainstream Everyday Spenders,Boomers,-3.389917,0.522824
3560697798177746,5,Light Home and Dining Spenders,Boomers,-0.873917,-0.609621
3560725013359375,4,Mainstream Everyday Spenders,Gen X,-0.299166,1.580340
3560797065840735,4,Mainstream Everyday Spenders,Millennials,-0.391406,2.106845
3561212938177173,5,Light Home and Dining Spenders,Gen X,0.080850,-1.358340
3561963695236764,2,Big-Ticket Travelers,Millennials,2.269636,-2.653220
3562264947797243,4,Mainstream Everyday Spenders,Gen X,-1.583420,2.083326
3562679455732797,5,Light Home and Dining Spenders,Boomers,-1.484838,-1.468905
3563837241599446,4,Mainstream Everyday Spenders,Gen X,-0.243911,1.115460
3564182536169293,4,Mainstream Everyday Spenders,Boomers,-2.191787,0.814105
3564839259330465,4,Mainstream Everyday Spenders,Boomers,-0.497675,1.167960
3565196229855512,5,Light Home and Dining Spenders,Boomers,-0.781896,-1.717887
3565414434959494,4,Mainstream Everyday Spenders,Gen X,-1.964689,0.542217
3565423334076143,5,Light Home and Dining Spenders,Silent,-1.633009,-2.040287
3565943051129759,5,Light Home and Dining Spenders,Boomers,-2.519636,-1.474953
3565996340207976,5,Light Home and Dining Spenders,Gen X,-1.711337,0.544150
3566094707272327,1,Premium Household Shoppers,Gen X,4.397153,-0.295849
3566373869538620,4,Mainstream Everyday Spenders,Boomers,-1.735121,2.025323
3566875419572867,2,Big-Ticket Travelers,Millennials,2.318886,-3.080439
3567527758368741,4,Mainstream Everyday Spenders,Boomers,-0.635456,0.249879
3567697931646329,3,Digital Shoppers,Gen Z,0.701898,3.757004
3567879740649740,4,Mainstream Everyday Spenders,Boomers,-0.660896,1.314362
3568255211412877,4,Mainstream Everyday Spenders,Millennials,-0.294741,0.937636
3568736585751727,2,Big-Ticket Travelers,Gen X,2.329066,-2.979898
3572976568630035,4,Mainstream Everyday Spenders,Gen X,-1.786664,0.785178
3573030041201292,4,Mainstream Everyday Spenders,Millennials,0.498143,1.697276
3573386445588324,4,Mainstream Everyday Spenders,Gen X,-1.362166,0.693035
3575540972310993,3,Digital Shoppers,Gen Z,1.088031,2.135392
3575789281659026,4,Mainstream Everyday Spenders,Millennials,0.199094,2.504698
3576021480694169,3,Digital Shoppers,Gen Z,0.316288,4.126318
3576144910346950,4,Mainstream Everyday Spenders,Gen X,-2.767113,-0.630215
3576281490078437,2,Big-Ticket Travelers,Millennials,1.214466,-3.589157
3576431665303017,1,Premium Household Shoppers,Millennials,3.602801,0.184769
3576511691045060,4,Mainstream Everyday Spenders,Millennials,-2.488073,1.301462
3577578023716568,1,Premium Household Shoppers,Millennials,3.752845,-0.131131
3577596616955856,5,Light Home and Dining Spenders,Silent,-2.919099,-1.936059
3577663406369449,4,Mainstream Everyday Spenders,Gen X,-2.269877,-0.172625
3577794103155425,4,Mainstream Everyday Spenders,Millennials,-1.274407,1.608637
3579200383632826,2,Big-Ticket Travelers,Gen X,0.769192,-2.733722
3581130339108561,5,Light Home and Dining Spenders,Boomers,-2.429191,-3.183756
3582402971899057,5,Light Home and Dining Spenders,Boomers,-2.621959,-0.899926
3582754887089201,4,Mainstream Everyday Spenders,Gen X,-0.094423,0.054045
3583093681934489,5,Light Home and Dining Spenders,Boomers,-1.550892,-0.058311
3583293909206278,4,Mainstream Everyday Spenders,Gen X,-1.417669,0.398100
3583635130604947,1,Premium Household Shoppers,Millennials,4.121877,-0.016166
3583793405872580,4,Mainstream Everyday Spenders,Gen X,-0.198896,1.489589
3585052663373890,2,Big-Ticket Travelers,Boomers,-0.223649,-1.585921
3585740823295298,3,Digital Shoppers,Gen Z,0.599560,3.159257
3586008444788268,1,Premium Household Shoppers,Millennials,3.490705,-0.375776
3586955669388457,2,Big-Ticket Travelers,Millennials,2.171401,-3.227839
3587044315915002,2,Big-Ticket Travelers,Gen X,2.349914,-2.585244
3587960728692500,3,Digital Shoppers,Gen Z,4.037994,4.046429
3589255887819806,4,Mainstream Everyday Spenders,Millennials,1.528027,1.185403
3589289942931264,4,Mainstream Everyday Spenders,Gen X,0.360923,1.557377
3590736522064285,1,Premium Household Shoppers,Gen X,4.178794,0.179946
3591919803438423,4,Mainstream Everyday Spenders,Millennials,-0.574222,0.643564
3592325941359225,5,Light Home and Dining Spenders,Silent,-1.889521,-1.391278
3592931352252641,5,Light Home and Dining Spenders,Silent,-1.349958,-3.114674
3593118134380341,4,Mainstream Everyday Spenders,Boomers,0.153641,1.464696
3593399694467427,5,Light Home and Dining Spenders,Boomers,-2.533651,-0.412563
3595111028444131,4,Mainstream Everyday Spenders,Boomers,-1.670241,0.164021
3595192916105588,4,Mainstream Everyday Spenders,Millennials,0.635386,1.422649
3596217206093829,4,Mainstream Everyday Spenders,Millennials,0.846768,2.074374
3596357274378601,4,Mainstream Everyday Spenders,Gen X,0.228330,0.912930
3597337756918966,5,Light Home and Dining Spenders,Boomers,-2.304678,-1.333407
3597926034019603,4,Mainstream Everyday Spenders,Millennials,-0.933821,1.891464
3597980945245815,5,Light Home and Dining Spenders,Boomers,-3.201451,-1.672464
3598014571045296,1,Premium Household Shoppers,Millennials,3.300199,-0.694094
3598215285024754,1,Premium Household Shoppers,Gen X,3.693508,0.353562
3598304579370089,4,Mainstream Everyday Spenders,Millennials,0.428002,0.903466
3598634130286287,3,Digital Shoppers,Millennials,0.972069,1.377879
3598895972308782,2,Big-Ticket Travelers,Gen X,-1.181852,-4.990402
3599237318576484,4,Mainstream Everyday Spenders,Silent,-1.868804,0.687129
4003771737807706,4,Mainstream Everyday Spenders,Boomers,-0.858170,1.012669
4003989662068504,4,Mainstream Everyday Spenders,Millennials,1.007064,0.236065
4005676619255478,4,Mainstream Everyday Spenders,Millennials,-0.053187,1.732841
4010002218955876,1,Premium Household Shoppers,Millennials,3.386535,-0.553347
4025612008285111,4,Mainstream Everyday Spenders,Boomers,-0.456715,0.905296
4048508450704760,4,Mainstream Everyday Spenders,Gen X,0.134350,1.116608
4060579726528237,5,Light Home and Dining Spenders,Boomers,-1.100528,-1.355375
4067137330196900,4,Mainstream Everyday Spenders,Millennials,0.374926,2.040976
4069975342931683,1,Premium Household Shoppers,Gen X,3.555185,-0.154050
4070511711385545,4,Mainstream Everyday Spenders,Gen X,-1.140241,-1.489694
4099707841315751,4,Mainstream Everyday Spenders,Gen X,1.365132,0.848892
4104312520615374,4,Mainstream Everyday Spenders,Millennials,-0.251979,1.044991
4116554952971686,5,Light Home and Dining Spenders,Silent,-1.805574,-1.871357
4119762878330989,5,Light Home and Dining Spenders,Silent,-1.069074,-0.868241
4124536010991657,5,Light Home and Dining Spenders,Boomers,-1.493532,-2.205772
4128027264554082,4,Mainstream Everyday Spenders,Boomers,-0.970936,1.076196
4129767952109660,4,Mainstream Everyday Spenders,Gen X,-0.099437,0.581322
4134456652433447,5,Light Home and Dining Spenders,Boomers,-1.694342,-1.441184
4147608975828480,4,Mainstream Everyday Spenders,Silent,0.595500,1.085970
4149238353975790,2,Big-Ticket Travelers,Millennials,3.005462,-2.622671
4155021259183870,4,Mainstream Everyday Spenders,Millennials,0.289530,2.034310
4158758517677931,4,Mainstream Everyday Spenders,Millennials,-1.871960,-0.449411
4158945090781624,4,Mainstream Everyday Spenders,Gen X,-0.548345,1.550548
4169759661243568,4,Mainstream Everyday Spenders,Gen X,-0.632663,1.831610
4170689372027579,4,Mainstream Everyday Spenders,Millennials,1.231226,1.563495
4171397999167005,5,Light Home and Dining Spenders,Silent,-2.043397,-1.615537
4173950183554608,4,Mainstream Everyday Spenders,Gen X,1.059546,0.365810
4178097073221156,1,Premium Household Shoppers,Millennials,3.889578,-0.143657
4179719215697782,4,Mainstream Everyday Spenders,Millennials,-1.019885,0.319676
4191109180926792,1,Premium Household Shoppers,Millennials,2.591341,-0.147147
4195832462863385,4,Mainstream Everyday Spenders,Silent,-3.062597,0.315510
4228411452607671,5,Light Home and Dining Spenders,Millennials,-1.897597,-0.214067
4229733778084049,4,Mainstream Everyday Spenders,Millennials,-0.436120,1.351638
4239552724014407,5,Light Home and Dining Spenders,Silent,-0.193842,-0.877003
4254074738931278,4,Mainstream Everyday Spenders,Boomers,-0.752083,0.419973
4260059589824237,5,Light Home and Dining Spenders,Silent,-2.057965,-2.067292
4265776278887457,4,Mainstream Everyday Spenders,Boomers,-0.227263,0.932424
4266200684857219,4,Mainstream Everyday Spenders,Boomers,-1.105738,0.147249
4277232699798846,4,Mainstream Everyday Spenders,Boomers,-1.079314,1.214385
4294040533480516,4,Mainstream Everyday Spenders,Millennials,-1.238923,2.071081
4302475216404898,5,Light Home and Dining Spenders,Boomers,-1.130661,-1.377892
4302480582202074,4,Mainstream Everyday Spenders,Millennials,0.813618,1.955200
4306586894261180,5,Light Home and Dining Spenders,Boomers,-0.700923,-1.032968
4308156300921054,2,Big-Ticket Travelers,Millennials,1.300268,-2.838743
4328928491302401,1,Premium Household Shoppers,Millennials,3.242696,0.470151
4334230547694630,4,Mainstream Everyday Spenders,Gen X,0.538838,0.839096
4335531783520911,3,Digital Shoppers,Gen Z,-1.348574,1.416138
4342532437704183,4,Mainstream Everyday Spenders,Millennials,-0.068258,0.080273
4344955088481397,2,Big-Ticket Travelers,Gen X,2.256935,-2.488455
4348786085525522,2,Big-Ticket Travelers,Gen X,0.709481,-2.982630
4364010865167176,3,Digital Shoppers,Gen Z,0.867055,3.935024
4365382885912355,2,Big-Ticket Travelers,Gen X,2.356637,-2.636521
4377338765909719,4,Mainstream Everyday Spenders,Millennials,-0.125170,0.954855
4378993458389626,3,Digital Shoppers,Gen Z,0.719599,0.142419
4384910379661778,5,Light Home and Dining Spenders,Boomers,-0.658330,-1.918986
4412720572684931,4,Mainstream Everyday Spenders,Boomers,-2.019623,-0.475611
4423489490781412,4,Mainstream Everyday Spenders,Boomers,-1.340563,1.205217
4424338559877976,4,Mainstream Everyday Spenders,Boomers,-0.241154,0.951666
4425161475596168,5,Light Home and Dining Spenders,Boomers,-1.040978,-1.858651
4428154703770710,4,Mainstream Everyday Spenders,Silent,-1.100569,1.176028
4430881574719618,4,Mainstream Everyday Spenders,Silent,-0.221714,0.781113
4433091568498503,5,Light Home and Dining Spenders,Silent,-2.020599,-3.911318
4446368897795790,2,Big-Ticket Travelers,Millennials,2.581077,-2.226607
4449530933957323,4,Mainstream Everyday Spenders,Boomers,-0.738295,1.187637
4450831335606294,4,Mainstream Everyday Spenders,Gen X,1.072911,0.711076
4451438912406400,3,Digital Shoppers,Gen Z,2.819132,4.185007
4451952084362894,2,Big-Ticket Travelers,Gen X,2.372863,-2.576974
4452366298769043,4,Mainstream Everyday Spenders,Gen X,-0.516380,1.291927
4474324669797121,4,Mainstream Everyday Spenders,Silent,-0.779842,1.153274
4482427013979020,4,Mainstream Everyday Spenders,Boomers,-1.235466,1.046695
4488941175228467,1,Premium Household Shoppers,Millennials,2.933351,-0.646786
4492491748959010,2,Big-Ticket Travelers,Millennials,1.055307,-3.420555
4501449508569485,2,Big-Ticket Travelers,Millennials,1.213662,-4.085258
4509142395811241,4,Mainstream Everyday Spenders,Silent,-1.053196,0.771522
4509922033272157,4,Mainstream Everyday Spenders,Gen X,-0.413175,0.876873
4514242065619750,1,Premium Household Shoppers,Millennials,3.573620,0.138465
4518350514020532,4,Mainstream Everyday Spenders,Millennials,-0.560029,0.984358
4550599031376731,5,Light Home and Dining Spenders,Gen X,-0.716205,-1.147120
4555104582813474,2,Big-Ticket Travelers,Millennials,1.187031,-3.740689
4561368699336875,4,Mainstream Everyday Spenders,Millennials,-1.294318,1.482699
4570636521433188,1,Premium Household Shoppers,Millennials,2.570338,-0.002371
4586810168620942,3,Digital Shoppers,Gen Z,4.570374,4.028577
4587577161160601,4,Mainstream Everyday Spenders,Gen X,-0.060616,1.443736
4599285557366057,3,Digital Shoppers,Gen Z,3.109651,3.839268
4607072969078276,4,Mainstream Everyday Spenders,Millennials,-0.456724,1.255676
4610050989831291,2,Big-Ticket Travelers,Millennials,2.141011,-2.509924
4610064888664703,3,Digital Shoppers,Millennials,2.022595,2.618672
4629451965224809,3,Digital Shoppers,Gen Z,-0.996076,3.290772
4633065159406313,3,Digital Shoppers,Millennials,-1.388344,-0.211642
4634955908138648,4,Mainstream Everyday Spenders,Gen X,-0.329062,0.823719
4635330563105903,1,Premium Household Shoppers,Millennials,2.235522,-0.442578
4642255475285942,4,Mainstream Everyday Spenders,Millennials,0.562073,1.822762
4651007077623147,4,Mainstream Everyday Spenders,Boomers,-1.203925,1.194019
4653879239169997,3,Digital Shoppers,Gen Z,0.658382,3.591387
4657269323674365,5,Light Home and Dining Spenders,Boomers,-1.914548,-0.665163
4658490815480264,4,Mainstream Everyday Spenders,Silent,-0.178451,1.078655
4670613943676271,5,Light Home and Dining Spenders,Boomers,-1.573445,-0.853179
4671727014157745,4,Mainstream Everyday Spenders,Boomers,-0.947316,0.937660
4681601008538160,1,Premium Household Shoppers,Gen X,3.851490,0.059131
4682744518117239,4,Mainstream Everyday Spenders,Boomers,-1.835897,-0.279485
4683520018489354,4,Mainstream Everyday Spenders,Millennials,1.279856,0.181854
4698163635895795,4,Mainstream Everyday Spenders,Millennials,-2.078017,0.507486
4707867759656333,4,Mainstream Everyday Spenders,Gen X,-1.682152,1.042012
4708992452821239,4,Mainstream Everyday Spenders,Silent,-0.774633,1.071371
4710792708725663,4,Mainstream Everyday Spenders,Millennials,-0.609392,1.719770
4713464490314802,2,Big-Ticket Travelers,Millennials,1.025600,-3.806508
4716561796955522,4,Mainstream Everyday Spenders,Gen X,-0.260587,2.207725
4725673654161314,4,Mainstream Everyday Spenders,Gen X,-1.721689,0.642400
4727244663135968,5,Light Home and Dining Spenders,Silent,-1.112806,-1.465859
4740713119940984,5,Light Home and Dining Spenders,Boomers,-0.715302,-1.128560
4764202053279782,4,Mainstream Everyday Spenders,Millennials,-1.955452,1.033878
4767265376804500,4,Mainstream Everyday Spenders,Boomers,-1.256436,-0.690833
4777065439639721,2,Big-Ticket Travelers,Millennials,2.490188,-3.022983
4789911625179723,1,Premium Household Shoppers,Millennials,1.243053,-1.098332
4800395067176717,4,Mainstream Everyday Spenders,Silent,-1.170116,0.060210
4822367783500458,4,Mainstream Everyday Spenders,Millennials,-0.096714,0.735921
4824023901222438,4,Mainstream Everyday Spenders,Boomers,-2.209670,-0.229798
4826655832045236,4,Mainstream Everyday Spenders,Boomers,-0.171410,0.969346
4836998673805450,1,Premium Household Shoppers,Gen X,4.126757,-0.022755
4839043708100390,3,Digital Shoppers,Gen Z,2.586466,3.575947
4839615922685395,4,Mainstream Everyday Spenders,Boomers,-0.795952,0.999217
4841313716651064,2,Big-Ticket Travelers,Millennials,2.440700,-2.845257
4859525594182537,4,Mainstream Everyday Spenders,Millennials,-0.675800,1.904557
4873783502705038,1,Premium Household Shoppers,Gen X,3.817738,-0.235076
4874006077381178,4,Mainstream Everyday Spenders,Millennials,-3.607984,0.796309
4874017206859125,1,Premium Household Shoppers,Millennials,3.152849,-0.048173
4878364946692291,4,Mainstream Everyday Spenders,Boomers,-2.175858,0.808781
4879265611163287,2,Big-Ticket Travelers,Millennials,1.165866,-3.388929
4904681492230012,4,Mainstream Everyday Spenders,Millennials,0.829519,1.978033
4908846471916297,1,Premium Household Shoppers,Millennials,4.119042,-0.443776
4914700582394237,5,Light Home and Dining Spenders,Boomers,-2.775456,-2.188723
4917187576956394,4,Mainstream Everyday Spenders,Silent,-1.730239,0.700429
4922710831011201,4,Mainstream Everyday Spenders,Silent,-1.236026,0.761866
4926376199189801,1,Premium Household Shoppers,Gen X,3.192301,-0.044960
4933461930348832,4,Mainstream Everyday Spenders,Gen X,-0.647781,0.170113
4935858973307492,2,Big-Ticket Travelers,Gen X,2.352961,-2.607981
4939976756738216,1,Premium Household Shoppers,Millennials,3.423219,0.367888
4951647200979051,4,Mainstream Everyday Spenders,Gen X,0.271258,1.385860
4952583804639909,5,Light Home and Dining Spenders,Boomers,-1.852737,-1.500905
4961003488432306,4,Mainstream Everyday Spenders,Gen X,-1.485653,0.911079
4969856774088583,5,Light Home and Dining Spenders,Boomers,-0.779251,-2.289879
4972228199573984,4,Mainstream Everyday Spenders,Boomers,-2.799762,0.952586
4979422371139333,4,Mainstream Everyday Spenders,Silent,-0.315517,-0.221596
4986925034905735,5,Light Home and Dining Spenders,Boomers,-2.630531,-1.377961
4996263498048679,4,Mainstream Everyday Spenders,Millennials,-0.902422,0.533830
4997733566924489,1,Premium Household Shoppers,Gen X,3.495609,0.201835
4998109455173950,1,Premium Household Shoppers,Millennials,3.487785,-0.317873
5104807169438134,1,Premium Household Shoppers,Gen X,3.407801,-0.196648
5127412150261034,4,Mainstream Everyday Spenders,Millennials,-2.633053,0.572634
5130484058948421,2,Big-Ticket Travelers,Gen X,2.270686,-3.500799
5152054598359927,4,Mainstream Everyday Spenders,Gen X,0.661331,1.485996
5154903938030655,1,Premium Household Shoppers,Millennials,2.057183,-1.099154
5289285402893489,4,Mainstream Everyday Spenders,Millennials,-2.632624,-0.107483
5359543825610251,4,Mainstream Everyday Spenders,Gen X,0.694720,-0.438561
5388659976630693,4,Mainstream Everyday Spenders,Boomers,-0.880641,1.578291
5410056176712193,5,Light Home and Dining Spenders,Millennials,-2.040888,-0.012909
5456712664803820,4,Mainstream Everyday Spenders,Boomers,-1.388180,1.146016
5456776410929288,4,Mainstream Everyday Spenders,Boomers,-0.231334,1.336477
5501083170975659,5,Light Home and Dining Spenders,Gen X,-0.847334,-0.146504
5540636818935089,4,Mainstream Everyday Spenders,Millennials,1.274580,0.396320
5559857416065248,4,Mainstream Everyday Spenders,Silent,-0.667804,0.184629
5580563567307107,2,Big-Ticket Travelers,Millennials,2.141390,-2.919933
5596347693144598,5,Light Home and Dining Spenders,Silent,-1.426276,-2.066877
6011104316292105,4,Mainstream Everyday Spenders,Millennials,-0.115685,1.920093
6011109736646996,1,Premium Household Shoppers,Millennials,4.143014,0.438143
6011148190095209,1,Premium Household Shoppers,Millennials,3.311224,-0.302448
6011149206456997,2,Big-Ticket Travelers,Gen X,0.936448,-3.495507
6011197122270059,4,Mainstream Everyday Spenders,Millennials,-1.744211,1.100978
6011231546538393,4,Mainstream Everyday Spenders,Millennials,0.333553,-0.665369
6011252220172077,3,Digital Shoppers,Gen Z,2.972299,2.912155
6011305591981276,5,Light Home and Dining Spenders,Boomers,-1.546005,-1.688810
6011329966782895,1,Premium Household Shoppers,Gen X,3.023063,0.125031
6011348830550197,4,Mainstream Everyday Spenders,Gen X,0.505206,1.381247
6011360759745864,5,Light Home and Dining Spenders,Boomers,-1.592590,-1.059947
6011366578560244,3,Digital Shoppers,Gen Z,0.289497,3.722951
6011367958204270,1,Premium Household Shoppers,Millennials,4.188603,-0.447824
6011381817520024,4,Mainstream Everyday Spenders,Gen X,-1.576417,1.855996
6011382886333463,4,Mainstream Everyday Spenders,Silent,-0.694964,0.288140
6011388901471808,4,Mainstream Everyday Spenders,Boomers,-0.682627,0.237015
6011393492413821,5,Light Home and Dining Spenders,Boomers,-1.839267,-1.759792
6011399591920186,4,Mainstream Everyday Spenders,Gen X,-0.899514,1.758836
6011438889172900,1,Premium Household Shoppers,Millennials,4.190499,-0.261603
6011477612335392,4,Mainstream Everyday Spenders,Silent,-1.499562,-0.305827
6011492816282597,4,Mainstream Everyday Spenders,Millennials,-0.432866,0.893220
6011504998544485,4,Mainstream Everyday Spenders,Gen X,0.234414,1.774035
6011542681743618,4,Mainstream Everyday Spenders,Gen X,-0.424232,2.006313
6011552879910390,2,Big-Ticket Travelers,Millennials,2.346728,-3.383249
6011581063717667,4,Mainstream Everyday Spenders,Gen X,-1.386009,0.084443
6011603272871604,5,Light Home and Dining Spenders,Gen X,-1.578594,-1.421827
6011626928491360,5,Light Home and Dining Spenders,Boomers,-2.122530,-1.022005
6011652924285713,4,Mainstream Everyday Spenders,Millennials,0.067135,1.991187
6011679934075347,4,Mainstream Everyday Spenders,Gen X,-0.764950,0.710896
6011681934117244,4,Mainstream Everyday Spenders,Boomers,-1.072252,0.796471
6011693194885790,3,Digital Shoppers,Millennials,1.245354,3.197722
6011706277606006,5,Light Home and Dining Spenders,Boomers,-2.390014,-2.201544
6011724471098086,1,Premium Household Shoppers,Millennials,3.495775,-0.255879
6011860238257910,4,Mainstream Everyday Spenders,Boomers,-0.300305,1.113605
6011893664860915,1,Premium Household Shoppers,Gen X,4.023890,0.071942
6011917798331152,4,Mainstream Everyday Spenders,Boomers,-1.026831,-0.142764
6011934240159560,2,Big-Ticket Travelers,Gen X,2.127742,-2.441772
6011948324228984,4,Mainstream Everyday Spenders,Boomers,-2.458096,0.562416
6011975266774121,5,Light Home and Dining Spenders,Silent,-2.517456,-0.926149
6011999606625827,5,Light Home and Dining Spenders,Gen X,-0.854537,-0.805623
6501313409525696,1,Premium Household Shoppers,Millennials,1.984888,-1.310022
6502195877055606,2,Big-Ticket Travelers,Millennials,0.887235,-3.939343
6506116513503136,1,Premium Household Shoppers,Millennials,4.061742,-0.171290
6506982560413523,1,Premium Household Shoppers,Millennials,2.588664,-0.081510
6511349151405438,4,Mainstream Everyday Spenders,Boomers,-0.919340,1.254102
6515067575568369,4,Mainstream Everyday Spenders,Millennials,-2.030667,1.465317
6517217825320610,4,Mainstream Everyday Spenders,Boomers,-0.334557,1.013948
6523180720198790,5,Light Home and Dining Spenders,Boomers,-3.629554,-1.038830
6524376634971418,5,Light Home and Dining Spenders,Boomers,-2.336817,-0.828073
6526448584969862,5,Light Home and Dining Spenders,Boomers,-1.916948,-1.209957
6526777409109795,5,Light Home and Dining Spenders,Silent,-1.586255,-1.607381
6526955903501879,5,Light Home and Dining Spenders,Boomers,-2.621897,-1.425937
6528911529051375,4,Mainstream Everyday Spenders,Gen X,-1.523692,-0.464685
6534628260579800,3,Digital Shoppers,Gen Z,1.083536,3.330644
6535328428560433,5,Light Home and Dining Spenders,Gen X,-1.895214,-4.303662
6538441737335434,3,Digital Shoppers,Gen Z,4.348429,3.105884
6538891242532018,1,Premium Household Shoppers,Gen X,4.006569,0.079670
6539653032686894,5,Light Home and Dining Spenders,Gen X,-3.094032,-1.523778
6540981358631302,5,Light Home and Dining Spenders,Gen X,-1.528908,-0.383965
6544734391390261,4,Mainstream Everyday Spenders,Millennials,-0.105291,1.039170
6547670341037171,4,Mainstream Everyday Spenders,Silent,-0.790359,0.471358
6550399784335736,4,Mainstream Everyday Spenders,Millennials,-0.373886,0.175477
6554245334757802,5,Light Home and Dining Spenders,Gen X,0.076233,-1.634775
6564459919350820,4,Mainstream Everyday Spenders,Boomers,-2.962252,0.771456
6569097840281287,5,Light Home and Dining Spenders,Gen X,-2.340286,-1.147295
6573561108825071,5,Light Home and Dining Spenders,Gen X,-1.027565,-0.974025
6592074504369261,1,Premium Household Shoppers,Gen X,2.702644,-0.790515
6592243974328236,4,Mainstream Everyday Spenders,Millennials,0.627738,0.576145
6592861994408652,4,Mainstream Everyday Spenders,Millennials,-0.937672,1.546804
6593250708747804,1,Premium Household Shoppers,Gen X,2.636957,-0.011818
6593939509150446,1,Premium Household Shoppers,Millennials,1.289818,-0.047731
6595970453799027,4,Mainstream Everyday Spenders,Gen X,-1.136109,0.526638
6596735789587928,5,Light Home and Dining Spenders,Boomers,-1.024014,-0.412665
6597248210463122,4,Mainstream Everyday Spenders,Gen X,-2.562845,-0.513626
6597888193422452,4,Mainstream Everyday Spenders,Boomers,-0.286769,1.251201
4018105808392773675,4,Mainstream Everyday Spenders,Silent,-1.489936,0.382747
4040099974063068803,2,Big-Ticket Travelers,Millennials,2.327603,-3.032997
4044436772018844508,1,Premium Household Shoppers,Gen X,1.041344,-1.423657
4045036286570100739,5,Light Home and Dining Spenders,Silent,-0.710391,-1.255367
4063094974360571498,4,Mainstream Everyday Spenders,Boomers,-1.965600,0.313822
4089096483689733451,1,Premium Household Shoppers,Millennials,2.959344,0.169536
4092452671396169678,4,Mainstream Everyday Spenders,Silent,-0.588444,1.693034
4102003771126577611,4,Mainstream Everyday Spenders,Millennials,-0.186870,0.644483
4110266553600176127,4,Mainstream Everyday Spenders,Millennials,-3.463098,0.820813
4128730454058057622,4,Mainstream Everyday Spenders,Boomers,-0.457145,1.823717
4181833256558613886,4,Mainstream Everyday Spenders,Millennials,0.672955,2.302856
4208110975550360171,2,Big-Ticket Travelers,Millennials,1.720276,-2.256750
4209696857872688515,4,Mainstream Everyday Spenders,Gen X,-1.697216,0.500896
4210078554961359092,4,Mainstream Everyday Spenders,Gen X,-0.870995,0.618843
4220495028289516646,5,Light Home and Dining Spenders,Gen X,-2.241424,-1.750916
4223708906367574214,2,Big-Ticket Travelers,Gen X,3.084237,-2.558576
4225990116481262579,5,Light Home and Dining Spenders,Gen X,-1.841938,-1.110889
4226219726886852999,1,Premium Household Shoppers,Millennials,1.290069,-2.037136
4244953610136705533,2,Big-Ticket Travelers,Millennials,1.393054,-2.716385
4255397449664185994,5,Light Home and Dining Spenders,Boomers,-1.639698,-2.310567
4292743669224718067,4,Mainstream Everyday Spenders,Gen X,-0.827677,0.654443
4292902571056973207,3,Digital Shoppers,Millennials,3.580110,4.205063
4301028321766222513,2,Big-Ticket Travelers,Gen X,2.689762,-2.808110
4311368326621416041,4,Mainstream Everyday Spenders,Gen X,-1.095046,0.340147
4312133045694601139,4,Mainstream Everyday Spenders,Gen X,0.098497,0.222295
4319584480204988982,4,Mainstream Everyday Spenders,Boomers,-0.445544,0.961907
4355790796238264643,4,Mainstream Everyday Spenders,Gen X,-0.417861,1.133244
4358137750029944984,4,Mainstream Everyday Spenders,Gen X,-0.871254,1.117945
4373370572092720777,4,Mainstream Everyday Spenders,Gen X,-3.962802,0.544575
4379260813815979609,4,Mainstream Everyday Spenders,Gen X,0.340447,1.597717
4390966588600992777,5,Light Home and Dining Spenders,Gen X,-0.712095,-0.741386
4400011257587661852,4,Mainstream Everyday Spenders,Gen X,0.658746,1.874543
4410582919485061752,5,Light Home and Dining Spenders,Gen X,-1.150446,-0.463407
4426075337087318654,5,Light Home and Dining Spenders,Gen X,-2.867824,0.575554
4428780983793657331,5,Light Home and Dining Spenders,Boomers,-0.446361,-1.579043
4457732997086323466,2,Big-Ticket Travelers,Millennials,2.850160,-2.061000
4462038234743679432,4,Mainstream Everyday Spenders,Silent,-2.395556,-0.231131
4467456915153312231,5,Light Home and Dining Spenders,Gen X,-1.599411,-0.821800
4469777115158234880,4,Mainstream Everyday Spenders,Gen X,-0.532726,1.280398
4477156602511939689,1,Premium Household Shoppers,Millennials,2.331267,-0.372983
4488258847705225890,5,Light Home and Dining Spenders,Silent,-1.035656,-1.298709
4497451418073897078,1,Premium Household Shoppers,Millennials,2.482800,-0.289729
4497913965512794052,2,Big-Ticket Travelers,Boomers,-1.046985,-3.311415
4502539526809429801,5,Light Home and Dining Spenders,Silent,-0.176515,-2.157342
4503101193493052864,1,Premium Household Shoppers,Gen X,3.287612,-0.270811
4512828414983801773,4,Mainstream Everyday Spenders,Millennials,0.079113,2.040853
4536996888716062123,4,Mainstream Everyday Spenders,Gen X,0.256174,1.348670
4560004149983868183,1,Premium Household Shoppers,Millennials,3.493551,-0.601725
4560395181594436016,1,Premium Household Shoppers,Gen X,3.687024,-0.421131
4584931703207308232,1,Premium Household Shoppers,Gen X,2.707000,-0.863033
4587657402165341815,3,Digital Shoppers,Gen Z,4.156860,3.576636
4599735407877245080,5,Light Home and Dining Spenders,Boomers,-1.840185,-0.526736
4646845581490336108,1,Premium Household Shoppers,Millennials,3.687422,0.030442
4653178848915023204,4,Mainstream Everyday Spenders,Millennials,-2.088509,1.065402
4661996144291811856,4,Mainstream Everyday Spenders,Boomers,-1.875093,-0.021070
4666314527820883145,2,Big-Ticket Travelers,Gen X,0.629226,-3.085482
4689147265057948423,4,Mainstream Everyday Spenders,Gen X,-1.214846,0.374613
4710826438164847414,4,Mainstream Everyday Spenders,Boomers,-0.609755,1.238974
4715741951931168360,4,Mainstream Everyday Spenders,Silent,-0.302336,1.121988
4725837176265195730,2,Big-Ticket Travelers,Millennials,1.620124,-4.055361
4736845434667908128,4,Mainstream Everyday Spenders,Boomers,-0.672049,0.920166
4742883543039288059,4,Mainstream Everyday Spenders,Millennials,-0.805842,1.761233
4756039869079882102,5,Light Home and Dining Spenders,Boomers,-3.831217,-1.916300
4761403817546679245,4,Mainstream Everyday Spenders,Millennials,-1.135424,1.232846
4769426683924058915,4,Mainstream Everyday Spenders,Boomers,-0.526741,1.383701
4792627764422477317,1,Premium Household Shoppers,Gen X,3.675180,0.378324
4797297220948468262,4,Mainstream Everyday Spenders,Millennials,0.141607,1.410067
4798937978667559470,3,Digital Shoppers,Millennials,0.027463,1.947146
4810789809665942990,4,Mainstream Everyday Spenders,Millennials,-0.008176,1.515834
4810839835482794272,4,Mainstream Everyday Spenders,Millennials,1.429399,0.950017
4855488158131690372,2,Big-Ticket Travelers,Millennials,2.301416,-2.617197
4855853415727304322,5,Light Home and Dining Spenders,Boomers,-2.256482,-0.996733
4861310130652566408,1,Premium Household Shoppers,Gen X,3.485028,0.236224
4890424426862856940,4,Mainstream Everyday Spenders,Gen X,0.079685,0.451833
4897067971111209737,4,Mainstream Everyday Spenders,Gen X,0.942091,0.650696
4906628655840914250,4,Mainstream Everyday Spenders,Millennials,0.056649,1.124415
4956828990005111019,4,Mainstream Everyday Spenders,Gen X,0.265209,1.585081
4958589671582726883,5,Light Home and Dining Spenders,Boomers,-1.558656,-1.252019
4973530368125489546,5,Light Home and Dining Spenders,Gen X,-0.920240,-2.053784
4980323467523543940,4,Mainstream Everyday Spenders,Boomers,-1.938604,0.212573
4989847570577635369,1,Premium Household Shoppers,Millennials,3.064124,-0.730931
4992346398065154184,4,Mainstream Everyday Spenders,Boomers,0.087295,1.145821
