benefit,benefit_label,segment_name,n_customers,engagement,headroom,value,score,category_share_of_wallet,category_monthly_spend,headroom_benchmark_share,rank,score_index
dining_credit,Monthly dining credit,Premium Household Shoppers,114,0.9722222222222222,0.49556085568342256,1.0,0.48179527635888303,0.04874295811820297,463.35809941520466,0.09662802474268871,1,100.0
dining_credit,Monthly dining credit,Digital Shoppers,60,0.9840277777777777,0.5472539931022768,0.6628313630556899,0.3569433924535193,0.04374795235666672,268.7221597222222,0.09662802474268871,2,74.08611291316124
dining_credit,Monthly dining credit,Big-Ticket Travelers,102,0.9587418300653595,0.46203337995984045,0.7043874867381863,0.3120230379734058,0.05198265187198116,349.8706944444444,0.09662802474268871,3,64.76257723643266
dining_credit,Monthly dining credit,Mainstream Everyday Spenders,438,0.9551940639269406,0.5354488390444717,0.5578930338897028,0.2853386057212701,0.044888661075055555,234.74946537290714,0.09662802474268871,4,59.2240355442433
dining_credit,Monthly dining credit,Light Home and Dining Spenders,194,0.9553264604810996,0.06414025500349041,0.39281427656567935,0.024069648753559207,0.09476609552815053,357.1286189862543,0.09662802474268871,5,4.995824976837265
travel_credit,Annual travel credit,Premium Household Shoppers,114,0.5614035087719298,0.9235047720115339,1.0,0.5184588193748962,0.013519319924301025,147.59558479532166,0.1767341608072526,1,100.0
travel_credit,Annual travel credit,Mainstream Everyday Spenders,438,0.6027397260273972,0.825464341638944,0.5578930338897028,0.2775741843929799,0.03091696885862115,171.97135749619483,0.1767341608072526,2,53.53832821816976
travel_credit,Annual travel credit,Digital Shoppers,60,0.4666666666666667,0.8372271755143985,0.6628313630556899,0.25897220063562126,0.03174435467238195,181.15245138888892,0.1767341608072526,3,49.9503896853106
travel_credit,Annual travel credit,Light Home and Dining Spenders,194,0.5824742268041238,0.7902612440664114,0.39281427656567935,0.18081508543350544,0.037465087128938944,155.48008161512027,0.1767341608072526,4,34.87549611973299
travel_credit,Annual travel credit,Big-Ticket Travelers,102,0.9754901960784313,0.010600673043294357,0.7043874867381863,0.0072839671916528,0.20355021948379157,1339.8899346405226,0.1767341608072526,5,1.4049268561840749
