month,trigger_name,customers_firing,spend_at_stake,pct_of_customers
2019-01-01,travel_drop,0,0.0,0.0
2019-01-01,first_travel,0,0.0,0.0
2019-01-01,dining_cooling,0,0.0,0.0
2019-02-01,travel_drop,0,0.0,0.0
2019-02-01,first_travel,0,0.0,0.0
2019-02-01,dining_cooling,0,0.0,0.0
2019-03-01,travel_drop,0,0.0,0.0
2019-03-01,first_travel,0,0.0,0.0
2019-03-01,dining_cooling,21,5491.16,0.023127753303964757
2019-04-01,travel_drop,0,0.0,0.0
2019-04-01,first_travel,18,2082.41,0.019823788546255508
2019-04-01,dining_cooling,24,6658.65,0.02643171806167401
2019-05-01,travel_drop,0,0.0,0.0
2019-05-01,first_travel,5,46.59,0.005506607929515419
2019-05-01,dining_cooling,51,15142.550000000001,0.05616740088105727
2019-06-01,travel_drop,109,294744.59,0.12004405286343613
2019-06-01,first_travel,2,14.09,0.0022026431718061676
2019-06-01,dining_cooling,37,11900.05,0.040748898678414094
2019-07-01,travel_drop,42,121134.42,0.046255506607929514
2019-07-01,first_travel,1,4.19,0.0011013215859030838
2019-07-01,dining_cooling,37,9062.55,0.040748898678414094
2019-08-01,travel_drop,38,65545.47,0.04185022026431718
2019-08-01,first_travel,0,0.0,0.0
2019-08-01,dining_cooling,46,14819.09,0.05066079295154185
2019-09-01,travel_drop,65,152848.43,0.07158590308370044
2019-09-01,first_travel,0,0.0,0.0
2019-09-01,dining_cooling,74,28854.26,0.08149779735682819
2019-10-01,travel_drop,60,188355.51,0.06607929515418502
2019-10-01,first_travel,0,0.0,0.0
2019-10-01,dining_cooling,90,28534.18,0.09911894273127753
2019-11-01,travel_drop,65,154749.04,0.07158590308370044
2019-11-01,first_travel,0,0.0,0.0
2019-11-01,dining_cooling,57,17848.62,0.06277533039647577
2019-12-01,travel_drop,45,125779.35999999999,0.04955947136563876
2019-12-01,first_travel,0,0.0,0.0
2019-12-01,dining_cooling,4,652.4100000000001,0.004405286343612335
2020-01-01,travel_drop,45,83947.91,0.04955947136563876
2020-01-01,first_travel,0,0.0,0.0
2020-01-01,dining_cooling,35,10390.33,0.03854625550660793
2020-02-01,travel_drop,46,115430.54,0.05066079295154185
2020-02-01,first_travel,0,0.0,0.0
2020-02-01,dining_cooling,342,170450.43,0.3766519823788546
2020-03-01,travel_drop,109,330976.67000000004,0.12004405286343613
2020-03-01,first_travel,0,0.0,0.0
2020-03-01,dining_cooling,8,2603.09,0.00881057268722467
2020-04-01,travel_drop,42,74129.33,0.046255506607929514
2020-04-01,first_travel,0,0.0,0.0
2020-04-01,dining_cooling,29,7593.599999999999,0.031938325991189426
2020-05-01,travel_drop,22,72213.85,0.024229074889867842
2020-05-01,first_travel,0,0.0,0.0
2020-05-01,dining_cooling,60,18335.05,0.06607929515418502
2020-06-01,travel_drop,41,92714.08,0.04515418502202643
2020-06-01,first_travel,0,0.0,0.0
2020-06-01,dining_cooling,25,6435.26,0.02753303964757709
2020-07-01,travel_drop,48,113503.45999999999,0.05286343612334802
2020-07-01,first_travel,0,0.0,0.0
2020-07-01,dining_cooling,33,8136.36,0.03634361233480176
2020-08-01,travel_drop,48,132126.29,0.05286343612334802
2020-08-01,first_travel,0,0.0,0.0
2020-08-01,dining_cooling,60,16983.39,0.06607929515418502
2020-09-01,travel_drop,51,128273.3,0.05616740088105727
2020-09-01,first_travel,0,0.0,0.0
2020-09-01,dining_cooling,88,25773.35,0.09691629955947137
2020-10-01,travel_drop,67,190691.92,0.07378854625550661
2020-10-01,first_travel,0,0.0,0.0
2020-10-01,dining_cooling,100,41264.12,0.11013215859030837
2020-11-01,travel_drop,54,136857.56,0.05947136563876652
2020-11-01,first_travel,0,0.0,0.0
2020-11-01,dining_cooling,49,16409.9,0.053964757709251104
2020-12-01,travel_drop,38,103669.48,0.04185022026431718
2020-12-01,first_travel,0,0.0,0.0
2020-12-01,dining_cooling,2,78.45999999999998,0.0022026431718061676
