variant,trigger_name,fires,customers,share_of_fires_in_jan_to_mar,peak_month_fires
"Naive rule (no portfolio adjustment, no floors, no cooldown)",dining_cooling,2003,835,0.2561158262606091,385
"Naive rule (no portfolio adjustment, no floors, no cooldown)",travel_drop,4667,878,0.1870580672809085,434
Default without portfolio adjustment,dining_cooling,1272,734,0.3191823899371069,342
Default without portfolio adjustment,travel_drop,1035,654,0.1932367149758454,109
Default,dining_cooling,1256,721,0.19585987261146498,76
Default,first_travel,26,26,0.0,18
Default,travel_drop,1029,647,0.17201166180758018,111
Travel base $500,travel_drop,832,568,0.16947115384615385,87
"Travel base $1,000",travel_drop,655,487,0.15877862595419848,70
Dining base 6 transactions,dining_cooling,902,571,0.20842572062084258,63
First travel after 6 months of history,first_travel,1,1,0.0,1
